Date,Open,High,Low,Close,Adj Close,Volume
2021-09-06,1974.0,1992.4000244140625,1960.5999755859375,1992.4000244140625,1729.62890625,29997000
2021-09-07,2001.0,2022.0,1994.4000244140625,2001.0,1737.0946044921875,27051000
2021-09-08,1980.0,2006.0,1977.5999755859375,1995.4000244140625,1732.2333984375,28210000
2021-09-09,1982.199951171875,1993.4000244140625,1974.0,1979.5999755859375,1718.51708984375,25646500
2021-09-10,1969.5999755859375,1994.5999755859375,1969.0,1991.800048828125,1729.10791015625,32121000
2021-09-13,1944.4000244140625,1959.0,1932.199951171875,1959.0,1700.6337890625,43968500
2021-09-14,1970.0,1989.199951171875,1966.0,1989.199951171875,1726.8509521484375,30225000
2021-09-15,1976.0,1981.5999755859375,1971.800048828125,1975.199951171875,1714.6973876953125,21345500
2021-09-16,1981.4000244140625,1999.0,1979.199951171875,1988.0,1725.8092041015625,26673500
2021-09-17,1992.800048828125,2004.0,1986.4000244140625,2004.0,1739.6988525390625,38861500
2021-09-21,1972.0,1992.0,1966.5999755859375,1985.800048828125,1723.8994140625,29438500
2021-09-22,1978.0,1978.0,1961.199951171875,1964.0,1704.974609375,23934000
2021-09-24,1997.0,2020.0,1994.5999755859375,2020.0,1753.5889892578125,34908000
2021-09-27,2031.0,2070.0,2030.0,2066.0,1793.52197265625,26810000
2021-09-28,2084.0,2092.0,2050.0,2077.0,1803.0714111328125,189085000
2021-09-29,2052.0,2080.5,2040.5,2073.0,1820.6365966796875,34887300
2021-09-30,2088.0,2088.0,2000.0,2000.0,1756.5234375,33149100
2021-10-01,1980.0,2004.0,1965.5,1967.0,1727.540771484375,27672500
2021-10-04,1988.5,1989.5,1925.5,1932.0,1696.8016357421875,22442600
2021-10-05,1900.0,1929.0,1860.0,1902.0,1670.453857421875,29108900
2021-10-06,1890.0,1897.5,1818.0,1840.0,1616.001708984375,35192500
2021-10-07,1852.0,1876.0,1840.5,1869.0,1641.4710693359375,18340800
2021-10-08,1920.0,1948.5,1915.5,1923.0,1688.8974609375,22700900
2021-10-11,1930.0,1988.0,1929.0,1987.0,1745.1060791015625,18449100
2021-10-12,1994.0,2013.5,1983.5,2002.5,1758.7191162109375,18513900
2021-10-13,2018.0,2019.0,1976.0,1976.0,1735.4451904296875,19436600
2021-10-14,1965.0,1986.0,1940.5,1985.5,1743.78857421875,13517700
2021-10-15,1999.0,1999.5,1974.5,1993.5,1750.814697265625,18602800
2021-10-18,2026.0,2062.0,2025.0,2040.0,1791.6539306640625,24313600
2021-10-19,2037.5,2038.0,2010.0,2030.0,1782.87158203125,14539000
2021-10-20,2045.5,2053.0,2026.0,2031.5,1784.188720703125,15372800
2021-10-21,2025.0,2031.5,1983.5,1983.5,1742.0323486328125,17327500
2021-10-22,1973.0,1999.5,1964.5,1983.5,1742.0323486328125,15610500
2021-10-25,1939.0,1967.5,1928.0,1946.5,1709.5364990234375,16310200
2021-10-26,1974.0,1992.5,1965.0,1980.0,1738.958251953125,15149500
2021-10-27,1998.5,2004.0,1984.0,2004.0,1760.036376953125,14028900
2021-10-28,1987.5,2013.0,1974.0,2000.0,1756.5234375,17683000
2021-10-29,1993.5,2008.0,1978.0,2006.5,1762.232177734375,18052200
2021-11-01,2028.0,2050.0,2022.0,2050.0,1800.4365234375,24547300
2021-11-02,2047.5,2059.0,2030.5,2048.0,1798.6800537109375,17669100
2021-11-04,2070.0,2100.0,2027.5,2063.0,1811.8538818359375,38783500
2021-11-05,2090.0,2091.0,2018.5,2035.0,1787.2625732421875,20210400
2021-11-08,2041.5,2056.0,2028.0,2028.0,1781.1148681640625,14062700
2021-11-09,2044.5,2048.5,1995.0,1995.0,1752.1322021484375,16797300
2021-11-10,2002.5,2015.0,1998.5,2005.5,1761.3538818359375,12819100
2021-11-11,2018.0,2040.0,2008.0,2030.0,1782.87158203125,15549700
2021-11-12,2045.0,2085.0,2041.0,2078.5,1825.4669189453125,26162900
2021-11-15,2094.0,2117.5,2088.5,2102.0,1846.1060791015625,21902800
2021-11-16,2112.0,2155.0,2112.0,2141.5,1880.797607421875,23534300
2021-11-17,2185.0,2188.0,2128.0,2128.0,1868.9407958984375,26692900
2021-11-18,2128.0,2146.5,2105.0,2124.5,1865.8671875,18309000
2021-11-19,2110.0,2142.5,2102.0,2132.5,1872.8929443359375,20093600
2021-11-22,2133.0,2133.5,2101.0,2105.0,1848.7410888671875,18371200
2021-11-24,2130.0,2159.0,2119.0,2124.5,1865.8671875,21946800
2021-11-25,2134.0,2147.0,2112.0,2112.0,1854.8887939453125,14283000
2021-11-26,2100.0,2109.5,2065.0,2074.5,1821.9541015625,22432100
2021-11-29,2031.0,2041.0,2005.0,2012.0,1767.0625,27978900
2021-11-30,2051.5,2061.5,1999.0,2001.0,1757.401611328125,42639000
2021-12-01,2007.5,2074.0,2007.0,2045.5,1796.484375,25290500
2021-12-02,2030.0,2051.0,2005.0,2045.5,1796.484375,24357000
2021-12-03,2052.5,2082.0,2040.5,2079.0,1825.906005859375,19023700
2021-12-06,2116.5,2117.5,2060.5,2066.0,1814.488525390625,19515300
2021-12-07,2065.0,2114.5,2053.0,2105.0,1848.7410888671875,28638400
2021-12-08,2087.0,2098.0,2068.0,2068.0,1816.245361328125,24065300
2021-12-09,2080.5,2092.0,2050.5,2056.5,1806.145263671875,19139300
2021-12-10,2056.5,2069.5,2042.5,2052.0,1802.193115234375,18235100
2021-12-13,2032.0,2035.0,2002.0,2002.0,1758.2801513671875,28905200
2021-12-14,2021.0,2055.0,2019.0,2045.0,1796.045166015625,22353800
2021-12-15,2083.0,2132.0,2080.5,2118.5,1860.5975341796875,35698900
2021-12-16,2147.0,2162.5,2132.5,2139.5,1879.041015625,30403400
2021-12-17,2136.0,2165.0,2100.0,2102.5,1846.5452880859375,38176700
2021-12-20,2072.5,2095.5,2051.0,2051.0,1801.314697265625,18811300
2021-12-21,2092.0,2092.5,2067.0,2070.5,1818.4410400390625,23334300
2021-12-22,2072.5,2077.5,2035.5,2056.5,1806.145263671875,19962800
2021-12-23,2055.0,2096.5,2055.0,2096.5,1841.27587890625,19290700
2021-12-24,2101.0,2112.0,2088.0,2096.5,1841.27587890625,10236700
2021-12-27,2096.0,2116.0,2093.0,2108.0,1851.3758544921875,11932500
2021-12-28,2130.0,2137.5,2115.5,2133.0,1873.332275390625,17152500
2021-12-29,2122.0,2129.0,2106.5,2110.5,1853.5714111328125,14440600
2021-12-30,2104.0,2116.0,2091.0,2105.5,1849.1802978515625,14009600
2022-01-04,2158.0,2237.5,2154.5,2234.5,1962.4757080078125,43072600
2022-01-05,2330.0,2341.0,2259.0,2292.0,2012.9757080078125,53536300
2022-01-06,2284.5,2327.0,2277.0,2284.5,2006.3885498046875,37579600
2022-01-07,2307.0,2324.0,2275.0,2307.5,2026.5889892578125,30903500
2022-01-11,2310.0,2328.0,2283.0,2322.0,2039.323486328125,29710800
2022-01-12,2354.5,2362.0,2308.5,2359.5,2072.25830078125,33915900
2022-01-13,2350.0,2422.5,2342.0,2412.0,2118.366943359375,39518400
2022-01-14,2410.0,2423.0,2375.0,2390.0,2099.045654296875,38594600
2022-01-17,2401.0,2442.0,2378.5,2423.0,2128.028076171875,23591300
2022-01-18,2443.0,2475.0,2400.5,2423.5,2128.466796875,41189300
2022-01-19,2323.5,2377.0,2303.0,2303.0,2022.6368408203125,48185300
2022-01-20,2298.0,2360.0,2286.0,2342.5,2057.328369140625,32283600
2022-01-21,2287.5,2294.5,2230.5,2284.5,2006.3885498046875,36518000
2022-01-24,2234.5,2287.5,2219.0,2278.5,2001.1190185546875,27763700
2022-01-25,2242.5,2259.5,2224.0,2236.5,1964.2325439453125,31059200
2022-01-26,2252.5,2262.5,2209.0,2221.5,1951.058349609375,26042500
2022-01-27,2237.0,2250.0,2158.5,2163.0,1899.68017578125,37600100
2022-01-28,2200.0,2253.5,2191.5,2237.0,1964.67138671875,31409300
2022-01-31,2224.5,2256.0,2191.5,2245.5,1972.136962890625,25588900
2022-02-01,2261.0,2274.0,2218.0,2227.0,1955.888916015625,24070100
2022-02-02,2245.0,2287.5,2237.0,2273.5,1996.7276611328125,26879700
2022-02-03,2239.0,2313.0,2237.0,2293.5,2014.2933349609375,22026900
2022-02-04,2289.0,2299.5,2261.5,2277.5,2000.2413330078125,20162500
2022-02-07,2260.0,2275.5,2251.0,2275.5,1998.4849853515625,19062800
2022-02-08,2267.0,2315.0,2263.0,2296.0,2016.4886474609375,20722700
2022-02-09,2340.0,2375.5,2302.0,2317.5,2035.3712158203125,42075100
2022-02-10,2301.0,2320.0,2222.0,2254.0,1979.601806640625,42419700
2022-02-14,2174.0,2197.0,2160.0,2182.0,1916.3670654296875,39268700
2022-02-15,2186.5,2189.0,2145.0,2153.5,1891.3365478515625,31404200
2022-02-16,2185.0,2198.0,2172.5,2192.5,1925.5892333984375,22686900
2022-02-17,2175.5,2178.5,2147.5,2160.5,1897.4847412109375,26975700
2022-02-18,2141.5,2192.5,2140.0,2184.0,1918.123291015625,20267400
2022-02-21,2148.0,2177.0,2133.0,2173.0,1908.46240234375,15200700
2022-02-22,2148.0,2151.5,2111.0,2123.5,1864.9888916015625,21140000
2022-02-24,2109.0,2124.0,2080.5,2091.0,1836.4453125,29577000
2022-02-25,2085.0,2113.5,2078.5,2104.0,1847.8626708984375,26344300
2022-02-28,2107.0,2139.0,2087.0,2138.5,1878.16259765625,26767700
2022-03-01,2119.5,2154.0,2119.0,2133.0,1873.332275390625,23177000
2022-03-02,2080.0,2082.0,2034.0,2038.5,1790.3365478515625,42180900
2022-03-03,2075.0,2094.5,2046.0,2047.0,1797.8017578125,26276600
2022-03-04,2026.5,2027.5,1965.0,1974.0,1733.6884765625,48833000
2022-03-07,1875.0,1889.0,1826.0,1845.0,1620.3929443359375,67968000
2022-03-08,1844.0,1855.5,1805.0,1811.0,1590.5318603515625,44177700
2022-03-09,1850.0,1884.0,1830.5,1845.5,1620.8321533203125,36677400
2022-03-10,1942.0,1946.0,1905.0,1945.5,1708.6580810546875,36656200
2022-03-11,1890.0,1895.0,1844.0,1860.5,1634.005859375,44804200
2022-03-14,1883.0,1929.0,1881.5,1914.0,1680.992919921875,26346200
2022-03-15,1912.5,1976.0,1907.0,1955.0,1717.0015869140625,26940000
2022-03-16,1968.0,2000.0,1967.5,1991.0,1748.619140625,32882200
2022-03-17,2045.0,2065.0,2010.0,2036.0,1788.140869140625,35580400
2022-03-18,2000.5,2025.0,1996.0,2020.0,1774.0887451171875,43985400
2022-03-22,2036.0,2063.5,2035.5,2055.0,1804.8277587890625,30788700
2022-03-23,2095.0,2139.0,2090.5,2137.0,1876.8453369140625,33324100
2022-03-24,2148.0,2208.5,2140.5,2200.0,1932.17578125,40085700
2022-03-25,2210.0,2216.5,2180.0,2189.0,1922.514892578125,25328700
2022-03-28,2212.0,2217.0,2182.5,2202.0,1933.9322509765625,23368400
2022-03-29,2221.5,2261.0,2220.5,2261.0,1985.7498779296875,43733900
2022-03-30,2216.0,2247.5,2189.0,2218.5,1972.85546875,36673400
2022-03-31,2200.5,2262.0,2191.0,2222.5,1976.412109375,38235600
2022-04-01,2222.5,2238.0,2174.5,2205.0,1960.8497314453125,27719800
2022-04-04,2193.0,2213.5,2192.0,2211.0,1966.185546875,16276100
2022-04-05,2231.0,2236.0,2202.5,2217.5,1971.9659423828125,21878700
2022-04-06,2192.0,2201.5,2176.0,2190.0,1947.5107421875,28164400
2022-04-07,2166.0,2174.0,2132.0,2168.5,1928.391357421875,31288300
2022-04-08,2136.0,2165.5,2073.5,2095.5,1863.4742431640625,50893400
2022-04-11,2087.0,2114.5,2076.0,2101.5,1868.8101806640625,27797800
2022-04-12,2105.0,2112.5,2065.5,2069.5,1840.353271484375,26536900
2022-04-13,2108.5,2123.5,2073.0,2119.5,1884.81689453125,26016500
2022-04-14,2096.0,2131.5,2085.5,2131.5,1895.48828125,18466300
2022-04-15,2100.0,2163.0,2100.0,2160.0,1920.8326416015625,19517900
2022-04-18,2145.5,2165.0,2127.5,2155.0,1916.3863525390625,15320900
2022-04-19,2175.0,2186.5,2159.0,2177.0,1935.9503173828125,21166100
2022-04-20,2220.0,2269.0,2219.0,2258.5,2008.4263916015625,42430500
2022-04-21,2238.0,2261.5,2236.5,2250.0,2000.8675537109375,21538600
2022-04-22,2220.0,2227.5,2200.0,2210.0,1965.29638671875,18873300
2022-04-25,2149.5,2199.5,2145.0,2190.0,1947.5107421875,22515800
2022-04-26,2186.0,2199.0,2163.5,2180.0,1938.6182861328125,23096200
2022-04-27,2146.0,2174.5,2144.0,2165.5,1925.723876953125,34299400
2022-04-28,2160.5,2242.5,2152.5,2235.5,1987.9730224609375,33413000
2022-05-02,2267.0,2277.5,2217.5,2228.0,1981.3033447265625,26634900
2022-05-06,2254.0,2276.0,2242.5,2276.0,2023.988525390625,30141000
2022-05-09,2269.0,2282.5,2244.5,2245.0,1996.4210205078125,22370500
2022-05-10,2190.0,2204.0,2155.0,2178.5,1937.2840576171875,28054600
2022-05-11,2205.5,2210.0,2050.5,2082.0,1851.4693603515625,64821200
2022-05-12,2050.0,2114.5,2011.5,2050.0,1823.0125732421875,44104700
2022-05-13,2043.0,2086.5,2028.5,2055.0,1827.4588623046875,31138400
2022-05-16,2105.0,2107.0,2047.0,2049.5,1822.56787109375,26352900
2022-05-17,2025.5,2047.0,2016.5,2033.0,1807.89501953125,18350600
2022-05-18,2035.0,2054.0,2025.5,2044.0,1817.6768798828125,21893000
2022-05-19,1981.0,2010.0,1971.0,2005.0,1782.9949951171875,34715900
2022-05-20,2010.0,2052.5,2007.5,2048.0,1821.23388671875,23675300
2022-05-23,2052.5,2065.0,2038.0,2061.5,1833.2392578125,20585700
2022-05-24,2064.5,2078.0,2050.0,2050.0,1823.0125732421875,18717900
2022-05-25,2040.0,2067.0,2037.0,2043.5,1817.232177734375,18929300
2022-05-26,2065.0,2106.0,2060.5,2082.0,1851.4693603515625,23739700
2022-05-27,2117.0,2117.0,2079.0,2084.0,1853.2479248046875,19511600
2022-05-30,2102.0,2135.0,2094.0,2126.5,1891.041748046875,40586500
2022-05-31,2109.0,2133.5,2107.5,2122.5,1887.4847412109375,27505000
2022-06-01,2140.0,2208.0,2135.5,2197.5,1954.180419921875,35206500
2022-06-02,2190.0,2203.0,2181.0,2193.0,1950.1787109375,15657500
2022-06-03,2198.0,2198.0,2153.0,2165.0,1925.2791748046875,19812000
2022-06-06,2139.0,2164.5,2134.0,2163.0,1923.500732421875,15252500
2022-06-07,2197.0,2209.5,2181.5,2190.5,1947.9554443359375,23853700
2022-06-08,2199.0,2230.0,2191.0,2230.0,1983.08203125,25246600
2022-06-09,2249.0,2267.0,2235.5,2239.0,1991.08544921875,27281400
2022-06-10,2211.0,2232.0,2196.0,2203.5,1959.5159912109375,28515100
2022-06-13,2150.0,2159.0,2128.0,2131.5,1895.48828125,25274900
2022-06-14,2083.0,2121.5,2077.5,2095.0,1863.0299072265625,26804400
2022-06-15,2088.0,2108.0,2080.0,2080.0,1849.690673828125,22726900
2022-06-16,2142.0,2173.5,2131.0,2140.0,1903.047119140625,24439500
2022-06-17,2046.0,2087.0,2042.0,2063.0,1834.5728759765625,45125700
2022-06-20,2090.0,2115.0,2070.5,2089.5,1858.138916015625,20577400
2022-06-21,2119.5,2144.0,2107.0,2138.5,1901.7132568359375,23768100
2022-06-22,2168.0,2188.5,2149.0,2156.0,1917.275390625,22961800
2022-06-23,2148.0,2159.0,2116.0,2126.5,1891.041748046875,20869300
2022-06-24,2095.0,2115.5,2087.5,2111.5,1877.7030029296875,21561600
2022-06-27,2137.0,2144.0,2109.0,2121.5,1886.5953369140625,17615400
2022-06-28,2138.5,2167.5,2133.5,2167.5,1927.502197265625,26045200
2022-06-29,2165.0,2168.0,2125.5,2128.0,1892.375732421875,36393000
2022-06-30,2128.5,2131.5,2093.5,2100.0,1867.476318359375,30076600
2022-07-01,2095.0,2104.0,2056.0,2067.0,1838.1302490234375,30994400
2022-07-04,2094.0,2113.0,2087.5,2113.0,1879.0367431640625,21443400
2022-07-05,2128.0,2136.0,2112.0,2116.5,1882.1492919921875,20328900
2022-07-06,2089.0,2098.0,2043.5,2058.0,1830.1265869140625,32025100
2022-07-07,2086.5,2108.0,2065.0,2105.0,1871.9227294921875,27506300
2022-07-08,2120.5,2147.0,2108.0,2111.0,1877.2581787109375,35446600
2022-07-11,2140.0,2158.5,2134.0,2152.0,1913.71875,28062000
2022-07-12,2152.0,2153.0,2110.5,2116.5,1882.1492919921875,24129000
2022-07-13,2124.0,2145.5,2123.5,2134.5,1898.156005859375,16445800
2022-07-14,2101.5,2144.0,2098.5,2135.0,1898.6009521484375,18559500
2022-07-15,2133.5,2163.5,2127.0,2163.0,1923.500732421875,28589600
2022-07-19,2170.0,2179.0,2163.0,2177.0,1935.9503173828125,21538900
2022-07-20,2200.0,2204.5,2180.0,2194.0,1951.068115234375,27281400
2022-07-21,2191.0,2206.0,2175.0,2193.5,1950.6231689453125,24208700
2022-07-22,2199.5,2204.5,2190.0,2202.5,1958.6268310546875,20867700
2022-07-25,2177.0,2198.5,2163.0,2166.0,1926.1683349609375,16534400
2022-07-26,2177.5,2182.5,2160.0,2166.0,1926.1683349609375,12369100
2022-07-27,2154.0,2174.0,2142.0,2169.0,1928.836181640625,15783800
2022-07-28,2165.0,2174.5,2124.0,2125.0,1889.7081298828125,27939100
2022-07-29,2155.0,2163.0,2127.0,2137.0,1900.37939453125,24818400
2022-08-01,2152.0,2216.5,2150.5,2212.0,1967.0750732421875,32568100
2022-08-02,2178.0,2198.0,2152.0,2154.5,1915.94189453125,18343800
2022-08-03,2149.0,2162.5,2142.5,2156.0,1917.275390625,16651900
2022-08-04,2184.0,2187.5,2071.5,2091.5,1859.91748046875,50239900
2022-08-05,2080.0,2130.0,2074.0,2123.0,1887.929443359375,27813600
2022-08-08,2100.0,2116.0,2082.5,2116.0,1881.7047119140625,22816600
2022-08-09,2106.5,2113.0,2069.0,2076.0,1846.1336669921875,25062000
2022-08-10,2081.5,2099.0,2077.5,2088.0,1856.804931640625,15038200
2022-08-12,2110.0,2135.0,2099.5,2135.0,1898.6009521484375,31314700
2022-08-15,2124.5,2134.0,2119.0,2132.5,1896.3775634765625,12869100
2022-08-16,2129.5,2130.0,2105.5,2121.0,1886.1510009765625,12497100
2022-08-17,2136.0,2183.0,2135.5,2183.0,1941.2860107421875,31472900
2022-08-18,2156.5,2159.5,2137.5,2143.5,1906.15966796875,18478000
2022-08-19,2148.5,2157.5,2144.5,2150.0,1911.9398193359375,13295300
2022-08-22,2130.5,2151.5,2126.0,2150.0,1911.9398193359375,15320100
2022-08-23,2122.0,2127.5,2098.0,2107.5,1874.1458740234375,25655800
2022-08-24,2093.0,2115.5,2092.5,2100.0,1867.476318359375,18087200
2022-08-25,2096.0,2112.0,2096.0,2109.0,1875.479736328125,10713100
2022-08-26,2114.5,2121.0,2106.0,2108.0,1874.590576171875,12989800
2022-08-29,2060.0,2093.5,2059.0,2090.0,1858.58349609375,20923300
2022-08-30,2100.0,2113.5,2094.5,2105.0,1871.9227294921875,16897300
2022-08-31,2090.0,2106.5,2088.0,2101.5,1868.8101806640625,22276200
2022-09-01,2073.0,2075.0,2045.0,2052.5,1825.23583984375,36248100
2022-09-02,2050.0,2056.0,2040.5,2049.0,1822.123046875,22090800
2022-09-05,2041.0,2045.0,2027.0,2037.0,1811.4520263671875,17282500
2022-09-06,2037.5,2054.0,2028.5,2048.5,1821.6787109375,13434900
2022-09-07,2043.0,2046.5,2020.0,2034.5,1809.228759765625,20916100
2022-09-08,2042.5,2080.5,2042.5,2080.5,1850.13525390625,26507900
2022-09-09,2070.0,2089.5,2069.0,2078.5,1848.356689453125,26218700
2022-09-12,2086.0,2087.0,2065.0,2070.0,1840.7979736328125,15232900
2022-09-13,2061.0,2071.5,2042.0,2067.0,1838.1302490234375,18368100
2022-09-14,2040.0,2053.5,2030.0,2038.0,1812.341064453125,26178500
2022-09-15,2038.0,2046.5,2034.0,2040.0,1814.1197509765625,15098100
2022-09-16,2020.0,2040.0,2019.5,2030.5,1805.6717529296875,28115400
2022-09-20,2043.0,2069.0,2037.0,2048.5,1821.6787109375,21038800
2022-09-21,2020.0,2021.0,2000.0,2000.0,1778.548828125,31783100
2022-09-22,1990.0,2028.0,1989.0,2028.0,1803.4486083984375,26440900
2022-09-26,1981.0,1989.0,1963.0,1963.0,1745.6456298828125,35307900
2022-09-27,1982.5,2004.0,1975.0,1986.0,1766.09912109375,23245500
2022-09-28,1973.5,1975.0,1928.0,1953.5,1737.197509765625,32375000
2022-09-29,1955.5,1969.5,1935.5,1958.5,1764.2213134765625,29667900
2022-09-30,1927.5,1935.0,1871.0,1876.0,1689.9052734375,41993800
2022-10-03,1880.0,1947.5,1878.5,1941.5,1748.907958984375,32688200
2022-10-04,1981.5,2004.0,1970.5,2004.0,1805.2080078125,39192400
2022-10-05,2024.0,2025.5,1990.0,2001.0,1802.505615234375,25516900
2022-10-06,2000.0,2012.0,1996.5,2000.0,1801.6048583984375,26603000
2022-10-07,1966.5,2001.5,1963.5,1985.5,1788.5430908203125,27846100
2022-10-11,1978.0,1987.0,1959.0,1966.5,1771.427978515625,25261700
2022-10-12,1968.0,1999.5,1964.0,1990.0,1792.5968017578125,25409100
2022-10-13,1990.5,2001.5,1980.0,1983.5,1786.74169921875,23730300
2022-10-14,2005.0,2020.0,1988.5,2008.0,1808.8114013671875,31734600
2022-10-17,1990.0,2001.5,1987.0,2000.0,1801.6048583984375,22166100
2022-10-18,2029.0,2029.5,1994.0,2007.5,1808.36083984375,21403400
2022-10-19,2009.5,2019.0,2003.5,2003.5,1804.7576904296875,15797500
2022-10-20,1999.0,2008.0,1997.5,2004.0,1805.2080078125,21090700
2022-10-21,2000.0,2002.0,1978.5,1987.5,1790.3448486328125,24809100
2022-10-24,2005.0,2013.5,1992.0,1996.5,1798.451904296875,20173100
2022-10-25,2003.5,2020.5,1999.5,2016.0,1816.0177001953125,18457200
2022-10-26,2018.0,2031.5,2017.0,2020.0,1819.6209716796875,16753300
2022-10-27,2016.0,2021.0,1992.0,1999.0,1800.7041015625,23218700
2022-10-28,2007.0,2041.0,2004.5,2030.0,1828.629150390625,90671700
2022-10-31,2046.0,2059.5,2039.5,2059.5,1855.2027587890625,22869200
2022-11-01,2054.0,2072.0,2006.5,2019.5,1819.1705322265625,38181300
2022-11-02,1998.0,2017.0,1992.5,2014.5,1814.6666259765625,24179300
2022-11-04,1999.0,2002.5,1974.0,1985.0,1788.0928955078125,32176900
2022-11-07,2000.0,2003.0,1988.0,1993.0,1795.29931640625,18017000
2022-11-08,1990.5,2008.5,1987.0,2003.0,1804.307373046875,18424300
2022-11-09,1991.5,2001.5,1984.5,1988.5,1791.2457275390625,19748500
2022-11-10,1961.5,1968.0,1954.0,1958.5,1764.2213134765625,23246900
2022-11-11,1992.5,2004.5,1989.0,2001.0,1802.505615234375,30008700
2022-11-14,1998.5,2003.5,1985.5,1986.0,1788.99365234375,21130800
2022-11-15,1985.0,2003.0,1984.5,1998.0,1799.80322265625,17879100
2022-11-16,2000.0,2001.0,1981.5,1996.0,1798.0015869140625,22615800
2022-11-17,1994.0,2007.5,1992.5,1993.5,1795.74951171875,14840200
2022-11-18,2005.0,2012.0,1991.5,1993.0,1795.29931640625,15711600
2022-11-21,1999.0,2006.0,1993.5,2003.0,1804.307373046875,14421500
2022-11-22,2020.0,2059.5,2020.0,2050.0,1846.64501953125,32248300
2022-11-24,2060.0,2060.5,2041.5,2046.5,1843.4921875,21006500
2022-11-25,2050.0,2057.5,2044.0,2054.5,1850.6986083984375,11659400
2022-11-28,2064.0,2070.0,2030.5,2033.0,1831.331298828125,13933100
2022-11-29,2021.5,2033.0,2005.5,2005.5,1806.5592041015625,22107200
2022-11-30,2010.0,2020.0,1997.5,2010.5,1811.0633544921875,29110200
2022-12-01,2024.0,2025.0,1998.5,1998.5,1800.253662109375,22681700
2022-12-02,1988.0,1988.0,1951.5,1971.0,1775.481689453125,29660900
2022-12-05,1977.0,1977.0,1945.0,1951.0,1757.46533203125,21789000
2022-12-06,1945.0,1952.0,1928.0,1943.5,1750.70947265625,28364200
2022-12-07,1936.0,1959.5,1932.0,1949.5,1756.1142578125,21057000
2022-12-08,1936.5,1944.0,1924.0,1938.5,1746.20556640625,27286300
2022-12-09,1953.0,1965.0,1951.5,1954.0,1760.1680908203125,23880900
2022-12-12,1953.5,1973.0,1951.5,1963.0,1768.275146484375,16003300
2022-12-13,1984.0,1989.0,1966.5,1968.5,1773.229736328125,15591800
2022-12-14,1958.5,1981.0,1952.5,1978.0,1781.787109375,14946400
2022-12-15,1975.0,1984.5,1971.0,1978.5,1782.2376708984375,11987000
2022-12-16,1940.5,1959.5,1935.5,1941.0,1748.45751953125,26790400
2022-12-19,1920.0,1931.0,1910.0,1910.0,1720.5328369140625,21852800
2022-12-20,1905.0,1909.5,1840.5,1845.0,1661.98046875,54192000
2022-12-21,1837.0,1840.5,1791.0,1808.0,1628.65087890625,49302700
2022-12-22,1830.0,1854.0,1829.0,1841.0,1658.3773193359375,28230900
2022-12-23,1808.5,1821.0,1805.0,1818.0,1637.658935546875,19066400
2022-12-26,1821.0,1839.5,1821.0,1823.0,1642.162841796875,11812100
2022-12-27,1840.0,1844.5,1813.5,1817.5,1637.2083740234375,16716500
2022-12-28,1811.5,1819.0,1807.0,1819.0,1638.559814453125,17027000
2022-12-29,1809.0,1817.0,1800.5,1817.0,1636.7581787109375,17662900
2022-12-30,1817.0,1832.0,1811.5,1812.5,1632.704345703125,21250600
2023-01-04,1798.0,1804.0,1787.5,1799.0,1620.5435791015625,25995600
2023-01-05,1812.0,1819.5,1793.5,1807.5,1628.2003173828125,24700200
2023-01-06,1809.5,1829.0,1806.0,1825.0,1643.9644775390625,22568600
2023-01-10,1837.5,1850.0,1821.5,1827.0,1645.76611328125,22352300
2023-01-11,1824.0,1840.0,1822.0,1837.5,1655.224609375,19798400
2023-01-12,1839.0,1868.0,1838.0,1857.5,1673.2406005859375,21573200
2023-01-13,1828.5,1838.5,1811.0,1815.5,1635.4068603515625,27779100
2023-01-16,1800.0,1821.0,1794.0,1817.5,1637.2083740234375,20486400
2023-01-17,1826.0,1870.5,1825.5,1863.0,1678.1949462890625,27345800
2023-01-18,1861.0,1916.0,1846.0,1909.5,1720.0821533203125,31290700
2023-01-19,1850.0,1871.0,1847.0,1864.5,1679.5462646484375,21969700
2023-01-20,1851.0,1883.0,1851.0,1883.0,1696.2110595703125,16703500
2023-01-23,1900.0,1904.0,1883.5,1889.0,1701.61572265625,14661600
2023-01-24,1913.0,1913.0,1899.5,1911.5,1721.8839111328125,16261100
2023-01-25,1900.0,1909.0,1898.5,1905.0,1716.028564453125,18486100
2023-01-26,1899.0,1907.5,1889.0,1893.0,1705.218994140625,22613200
2023-01-27,1902.5,1902.5,1886.0,1900.5,1711.9749755859375,21336000
2023-01-30,1900.5,1910.0,1896.5,1902.0,1713.3262939453125,17617700
2023-01-31,1910.0,1913.5,1895.0,1896.5,1708.371826171875,18849600
2023-02-01,1911.0,1919.0,1902.5,1903.0,1714.22705078125,19250900
2023-02-02,1908.0,1909.5,1875.5,1880.5,1693.959228515625,19168200
2023-02-03,1887.0,1895.5,1882.5,1891.5,1703.867919921875,16015500
2023-02-06,1909.0,1934.5,1908.0,1913.5,1723.6854248046875,30031400
2023-02-07,1920.0,1923.5,1896.5,1897.0,1708.8221435546875,20138300
2023-02-08,1902.0,1904.5,1895.5,1897.5,1709.2725830078125,13623900
2023-02-09,1900.0,1923.0,1883.0,1901.0,1712.425537109375,34568700
2023-02-10,1885.5,1891.0,1869.0,1879.0,1692.60791015625,34846600
2023-02-13,1870.0,1880.0,1857.0,1876.5,1690.355712890625,21137100
2023-02-14,1894.5,1896.5,1878.5,1882.5,1695.7606201171875,18133700
2023-02-15,1890.0,1893.0,1868.5,1874.0,1688.103759765625,21936500
2023-02-16,1888.5,1915.0,1884.5,1913.0,1723.2349853515625,29791200
2023-02-17,1893.0,1910.5,1891.0,1907.5,1718.2808837890625,21230800
2023-02-20,1916.0,1917.0,1900.0,1902.5,1713.7767333984375,12704000
2023-02-21,1900.0,1901.5,1889.5,1890.0,1702.5166015625,16937100
2023-02-22,1878.0,1879.0,1852.0,1865.0,1679.99658203125,29022300
2023-02-24,1856.0,1865.5,1854.0,1858.0,1673.6907958984375,19154000
2023-02-27,1857.0,1861.5,1850.0,1857.0,1672.7901611328125,16540600
2023-02-28,1857.5,1869.0,1855.5,1862.5,1677.7445068359375,19162000
2023-03-01,1866.0,1870.5,1858.5,1863.5,1678.6453857421875,18027000
2023-03-02,1860.0,1881.5,1860.0,1863.5,1678.6453857421875,20227600
2023-03-03,1866.0,1886.0,1861.0,1884.5,1697.5623779296875,27371700
2023-03-06,1893.0,1915.0,1890.0,1905.5,1716.4788818359375,28716300
2023-03-07,1900.0,1914.5,1893.0,1914.5,1724.586181640625,20837300
2023-03-08,1904.0,1915.5,1903.0,1907.5,1718.2808837890625,18703000
2023-03-09,1917.5,1931.5,1915.0,1919.5,1729.0902099609375,23844600
2023-03-10,1898.0,1910.5,1887.5,1896.0,1707.9215087890625,33371500
2023-03-13,1877.0,1881.0,1853.5,1864.0,1679.095703125,24327500
2023-03-14,1807.5,1810.0,1781.5,1809.0,1629.5516357421875,45615100
2023-03-15,1825.0,1832.5,1804.0,1812.0,1632.2540283203125,23906800
2023-03-16,1770.0,1793.0,1765.0,1790.0,1612.4364013671875,30331500
2023-03-17,1790.0,1798.0,1776.0,1786.0,1608.8333740234375,36599800
2023-03-20,1767.0,1778.0,1764.0,1767.0,1591.7177734375,25693500
2023-03-22,1803.0,1804.5,1787.0,1801.0,1622.3450927734375,24870000
2023-03-23,1782.5,1793.0,1778.0,1787.0,1609.7340087890625,19861700
2023-03-24,1778.0,1787.0,1772.0,1784.0,1607.0316162109375,16224800
2023-03-27,1795.0,1796.5,1781.0,1790.0,1612.4364013671875,16892900
2023-03-28,1806.0,1813.0,1796.5,1805.5,1626.3988037109375,21034500
2023-03-29,1812.5,1852.0,1810.0,1852.0,1668.2861328125,36692000
2023-03-30,1835.5,1850.0,1828.5,1842.0,1691.2398681640625,24709600
2023-03-31,1863.0,1897.0,1855.5,1880.0,1726.1300048828125,37152100
2023-04-03,1897.5,1897.5,1875.5,1897.0,1741.7384033203125,25267000
2023-04-04,1887.5,1899.0,1877.0,1899.0,1743.57470703125,21339500
2023-04-05,1876.5,1881.0,1850.5,1852.5,1700.8807373046875,25396900
2023-04-06,1841.0,1844.0,1822.0,1826.5,1677.008544921875,24567200
2023-04-07,1833.5,1837.0,1819.5,1819.5,1670.58154296875,14815100
2023-04-10,1829.5,1833.5,1820.5,1827.5,1677.9267578125,15091200
2023-04-11,1839.5,1842.0,1823.0,1826.0,1676.549560546875,26170100
2023-04-12,1834.5,1835.5,1816.0,1823.5,1674.254150390625,25890400
2023-04-13,1811.0,1814.0,1799.0,1812.5,1664.1544189453125,19854200
2023-04-14,1828.0,1829.0,1806.0,1808.0,1660.022705078125,27911300
2023-04-17,1823.0,1841.5,1822.5,1834.0,1683.894775390625,18967700
2023-04-18,1844.0,1846.0,1827.5,1833.5,1683.4356689453125,23312400
2023-04-19,1833.0,1836.0,1816.5,1823.0,1673.7950439453125,16859000
2023-04-20,1810.0,1818.0,1796.0,1813.5,1665.072509765625,21975500
2023-04-21,1790.0,1808.5,1784.0,1802.0,1654.5137939453125,21559900
2023-04-24,1815.0,1817.0,1798.0,1798.0,1650.841064453125,14674600
2023-04-25,1803.0,1807.0,1795.0,1800.0,1652.6773681640625,20492700
2023-04-26,1793.5,1807.5,1791.0,1803.5,1655.89111328125,17228200
2023-04-27,1804.5,1826.5,1799.0,1825.0,1675.6314697265625,21175700
2023-04-28,1839.0,1857.0,1833.5,1857.0,1705.01220703125,29984600
2023-05-01,1870.5,1879.5,1865.0,1874.0,1720.62109375,18668200
2023-05-02,1877.0,1877.5,1853.0,1864.5,1711.8984375,17441500
2023-05-08,1860.0,1861.5,1848.0,1856.0,1704.0941162109375,17294400
2023-05-09,1861.0,1920.0,1855.0,1916.5,1759.642333984375,39880100
2023-05-10,1920.0,1963.5,1894.0,1931.5,1773.4146728515625,55815000
2023-05-11,1950.0,1959.0,1902.0,1916.0,1759.183349609375,34669900
2023-05-12,1945.5,1949.0,1913.5,1942.0,1783.055419921875,28097200
2023-05-15,1939.5,1942.0,1926.0,1933.0,1774.7919921875,16791400
2023-05-16,1933.0,1939.5,1919.0,1923.5,1766.069580078125,18728200
2023-05-17,1925.0,1935.5,1921.0,1928.0,1770.201171875,16295600
2023-05-18,1945.0,1958.0,1942.0,1955.5,1795.450439453125,28317600
2023-05-19,1963.5,1973.5,1950.5,1959.5,1799.123046875,23600700
2023-05-22,1945.0,1950.0,1934.5,1950.0,1790.400634765625,25566800
2023-05-23,1970.0,1979.0,1857.0,1857.0,1705.01220703125,39793700
2023-05-24,1949.5,1959.5,1924.0,1956.5,1796.36865234375,35899300
2023-05-25,1953.5,1960.0,1937.0,1938.5,1779.841796875,26877800
2023-05-26,1940.5,1956.0,1931.0,1937.0,1778.4647216796875,20230300
2023-05-29,1959.0,1960.0,1922.0,1928.5,1770.6602783203125,28467700
2023-05-30,1921.0,1944.0,1910.5,1940.0,1781.2191162109375,18882600
2023-05-31,1929.5,1934.5,1892.5,1908.5,1752.29736328125,53396000
2023-06-01,1946.0,1973.0,1935.5,1943.0,1783.9735107421875,36193300
2023-06-02,1960.5,2010.0,1959.0,2009.5,1845.0308837890625,46785900
2023-06-05,2050.0,2058.5,2021.0,2028.5,1862.475830078125,33729200
2023-06-06,2025.0,2050.0,2011.5,2050.0,1882.2159423828125,22611500
2023-06-07,2058.0,2078.5,2021.0,2022.0,1856.5078125,41062900
2023-06-08,2038.5,2052.0,2017.5,2024.0,1858.343994140625,28562300
2023-06-09,2055.0,2057.5,2030.0,2051.5,1883.5933837890625,37276500
2023-06-12,2065.5,2073.5,2054.5,2069.0,1899.6610107421875,19714600
2023-06-13,2100.0,2183.0,2099.5,2173.5,1995.60791015625,70125200
2023-06-14,2260.0,2350.0,2235.0,2310.0,2120.93603515625,99612100
2023-06-15,2346.0,2358.0,2303.5,2320.5,2130.57666015625,57885900
2023-06-16,2350.0,2350.0,2275.0,2316.0,2126.44482421875,59050900
2023-06-19,2320.5,2323.0,2240.0,2253.0,2068.60107421875,41460800
2023-06-20,2250.0,2263.0,2222.0,2244.0,2060.337890625,36130900
2023-06-21,2222.0,2228.5,2205.5,2218.5,2036.9251708984375,38394900
2023-06-22,2246.0,2258.0,2231.5,2240.5,2057.124267578125,29584300
2023-06-23,2252.0,2255.0,2171.5,2199.5,2019.4801025390625,30642900
2023-06-26,2204.0,2227.0,2191.0,2221.0,2039.2205810546875,22817900
2023-06-27,2248.0,2257.5,2221.0,2237.0,2053.910888671875,26165400
2023-06-28,2276.0,2300.0,2271.5,2300.0,2111.75439453125,35651600
2023-06-29,2302.0,2311.0,2278.5,2295.5,2107.622802734375,27070800
2023-06-30,2320.0,2323.5,2285.5,2308.5,2119.559326171875,37428700
2023-07-03,2308.0,2329.5,2303.5,2325.5,2135.16748046875,25421400
2023-07-04,2332.5,2344.5,2324.5,2338.0,2146.644287109375,26554700
2023-07-05,2336.0,2341.5,2322.5,2341.0,2149.39892578125,20643100
2023-07-06,2350.0,2358.0,2317.0,2327.0,2136.545166015625,28608700
2023-07-07,2323.5,2324.0,2292.0,2299.5,2111.29541015625,26236300
2023-07-10,2270.0,2290.0,2255.0,2260.0,2075.028564453125,28824200
2023-07-11,2256.0,2258.5,2204.0,2211.0,2030.0389404296875,29078400
2023-07-12,2210.0,2231.0,2189.0,2198.0,2018.102783203125,20500400
2023-07-13,2192.5,2224.0,2180.0,2211.5,2030.498046875,19826600
2023-07-14,2219.5,2231.0,2197.0,2218.0,2036.466064453125,21578800
2023-07-18,2214.0,2247.5,2212.0,2240.0,2056.665771484375,18107200
2023-07-19,2266.5,2291.0,2265.0,2291.0,2103.4912109375,22597800
2023-07-20,2291.5,2311.0,2275.0,2287.0,2099.818603515625,21073000
2023-07-21,2289.0,2301.0,2277.0,2287.5,2100.277587890625,20284200
2023-07-24,2317.0,2333.0,2307.5,2324.0,2133.790283203125,23557600
2023-07-25,2316.5,2344.5,2311.5,2344.5,2152.612060546875,23265300
2023-07-26,2318.0,2326.0,2305.5,2322.0,2131.953857421875,19436200
2023-07-27,2315.0,2329.0,2303.5,2320.5,2130.57666015625,18487400
2023-07-28,2288.5,2327.0,2263.5,2310.0,2120.93603515625,37405600
2023-07-31,2350.0,2386.0,2348.5,2386.0,2190.7158203125,44133500
2023-08-01,2398.0,2464.0,2387.0,2445.5,2245.34619140625,68906000
2023-08-02,2438.5,2549.0,2418.5,2502.5,2297.680908203125,78801100
2023-08-03,2476.0,2477.0,2401.0,2407.5,2210.4560546875,44187800
2023-08-04,2407.0,2456.5,2401.5,2437.5,2238.000732421875,30038200
2023-08-07,2431.5,2457.0,2424.0,2444.0,2243.96875,19853700
2023-08-08,2463.5,2476.0,2420.5,2423.5,2225.146484375,22190700
2023-08-09,2423.0,2427.0,2384.0,2395.5,2199.438232421875,19106300
2023-08-10,2406.5,2432.5,2395.0,2429.0,2230.196533203125,19458600
2023-08-14,2439.5,2459.5,2403.0,2408.0,2210.91552734375,17152200
2023-08-15,2433.0,2438.0,2414.5,2419.0,2221.015380859375,12578800
2023-08-16,2400.0,2412.5,2368.0,2370.5,2176.484375,22466200
2023-08-17,2360.5,2379.0,2332.5,2377.0,2182.452392578125,18693200
2023-08-18,2348.5,2368.0,2334.5,2349.0,2156.743896484375,20054000
2023-08-21,2349.5,2376.0,2348.0,2356.5,2163.630126953125,14606100
2023-08-22,2386.0,2420.0,2383.0,2416.5,2218.7197265625,18256500
2023-08-23,2393.0,2411.0,2389.5,2410.5,2213.21044921875,15164600
2023-08-24,2411.5,2412.5,2394.0,2400.0,2203.56982421875,16406900
2023-08-25,2380.0,2402.0,2377.0,2395.0,2198.979248046875,15384300
2023-08-28,2421.5,2447.0,2420.0,2436.5,2237.08251953125,18256100
2023-08-29,2446.5,2451.0,2416.5,2431.5,2232.491943359375,17541400
2023-08-30,2449.5,2463.5,2440.0,2456.5,2255.445556640625,19036300
2023-08-31,2465.0,2524.0,2463.0,2515.0,2309.15771484375,39487900
2023-09-01,2485.0,2525.0,2483.0,2519.5,2313.289306640625,23445600
2023-09-04,2540.0,2599.5,2539.0,2597.5,2384.9052734375,33250800
2023-09-05,2600.0,2609.5,2564.0,2589.0,2377.10107421875,28061100
2023-09-06,2607.0,2664.0,2605.5,2651.0,2434.026611328125,31630100
2023-09-07,2657.0,2671.5,2633.0,2637.0,2421.172607421875,26184700
2023-09-08,2611.0,2645.5,2598.0,2603.0,2389.955078125,30458600
2023-09-11,2610.5,2618.0,2586.0,2595.0,2382.60986328125,16439600
2023-09-12,2624.0,2660.0,2619.0,2657.0,2439.535400390625,21560000
2023-09-13,2657.0,2715.0,2651.0,2707.5,2485.90234375,29244700
2023-09-14,2715.5,2757.0,2694.0,2748.0,2523.087890625,31358600
2023-09-15,2788.0,2842.0,2780.5,2821.5,2590.572265625,49241800
2023-09-19,2806.5,2885.5,2798.0,2880.0,2644.283935546875,40156000
2023-09-20,2900.0,2911.5,2797.0,2799.0,2569.913330078125,42976800
2023-09-21,2799.0,2835.0,2775.0,2785.5,2557.5185546875,25747000
2023-09-22,2749.5,2811.0,2735.0,2788.5,2560.27294921875,28714900
2023-09-25,2785.0,2789.0,2740.5,2761.5,2535.48291015625,21522300
2023-09-26,2765.0,2766.5,2707.5,2716.5,2494.165771484375,26603400
2023-09-27,2700.0,2751.5,2677.0,2748.0,2523.087890625,31403100
2023-09-28,2720.0,2746.5,2678.0,2706.0,2511.947998046875,32137100
2023-09-29,2718.0,2727.5,2675.5,2677.5,2485.491943359375,33276200
2023-10-02,2700.5,2746.5,2683.5,2687.0,2494.310791015625,28738800
2023-10-03,2680.0,2687.0,2593.0,2605.0,2418.19091796875,31775900
2023-10-04,2555.0,2563.0,2471.0,2477.5,2299.834228515625,46063800
2023-10-05,2528.0,2590.0,2505.5,2590.0,2404.266845703125,41463500
2023-10-06,2564.5,2604.0,2536.0,2572.0,2387.557373046875,28521800
2023-10-10,2600.0,2640.5,2595.0,2624.5,2436.29248046875,27455800
2023-10-11,2650.0,2681.0,2640.0,2651.0,2460.89208984375,23177900
2023-10-12,2678.0,2740.0,2673.0,2740.0,2543.51025390625,32321600
2023-10-13,2708.0,2726.0,2677.0,2687.5,2494.7744140625,24757200
2023-10-16,2650.0,2665.0,2630.5,2660.0,2469.246826171875,19258100
2023-10-17,2705.0,2719.0,2653.0,2681.0,2488.740966796875,22766500
2023-10-18,2675.0,2697.0,2661.0,2669.0,2477.6015625,18891100
2023-10-19,2625.0,2667.0,2623.0,2645.0,2455.322509765625,18842300
2023-10-20,2600.5,2642.0,2575.0,2617.0,2429.330322265625,23366400
2023-10-23,2600.0,2631.0,2585.5,2610.0,2422.83251953125,17852100
2023-10-24,2645.0,2648.5,2544.0,2597.5,2411.228759765625,26740000
2023-10-25,2631.0,2664.0,2613.5,2640.0,2450.680908203125,18828500
2023-10-26,2617.5,2628.0,2571.0,2594.5,2408.444091796875,22969100
2023-10-27,2595.0,2644.0,2594.5,2638.5,2449.28857421875,20775500
2023-10-30,2593.0,2595.0,2560.5,2574.0,2389.4140625,28552500
2023-10-31,2590.0,2593.0,2526.0,2590.0,2404.266845703125,32184100
2023-11-01,2703.5,2752.0,2678.5,2712.0,2517.517578125,66935200
2023-11-02,2812.0,2846.5,2746.5,2760.0,2562.075927734375,62211400
2023-11-06,2840.0,2866.5,2823.5,2846.0,2641.908447265625,48988800
2023-11-07,2850.0,2854.0,2818.5,2832.0,2628.912353515625,27050700
2023-11-08,2861.5,2879.5,2757.0,2757.0,2559.290771484375,32626900
2023-11-09,2795.0,2819.0,2752.0,2817.5,2615.451904296875,23116200
2023-11-10,2770.5,2815.0,2770.0,2803.0,2601.9921875,23638200
2023-11-13,2833.0,2845.5,2807.5,2817.0,2614.98828125,19390400
2023-11-14,2845.0,2866.5,2837.5,2843.5,2639.587646484375,25175900
2023-11-15,2880.5,2898.5,2860.0,2860.0,2654.904541015625,29788400
2023-11-16,2860.0,2897.5,2858.0,2879.0,2672.5419921875,21411300
2023-11-17,2840.0,2892.5,2834.0,2892.5,2685.073974609375,24794700
2023-11-20,2892.5,2900.0,2768.5,2780.0,2580.641357421875,46342000
2023-11-21,2785.0,2793.0,2720.5,2735.0,2538.868408203125,36142900
2023-11-22,2728.0,2781.0,2711.0,2728.5,2532.834716796875,31006900
2023-11-24,2785.0,2814.0,2774.0,2803.0,2601.9921875,29415500
2023-11-27,2800.0,2803.0,2762.0,2770.0,2571.3583984375,22122900
2023-11-28,2770.0,2779.5,2736.0,2755.0,2557.43408203125,22163500
2023-11-29,2770.0,2809.5,2744.0,2802.5,2601.5283203125,36001000
2023-11-30,2810.0,2820.0,2786.5,2794.5,2594.1015625,49146600
2023-12-01,2819.0,2842.0,2803.0,2833.0,2629.8408203125,26774000
2023-12-04,2802.0,2802.5,2744.5,2767.5,2569.037841796875,30495700
2023-12-05,2770.0,2784.5,2743.5,2753.5,2556.0419921875,24512600
2023-12-06,2770.5,2829.5,2758.0,2827.0,2624.271240234375,27896600
2023-12-07,2800.0,2812.0,2776.0,2794.5,2594.1015625,26610300
2023-12-08,2711.0,2721.0,2657.0,2680.5,2488.27685546875,55312000
2023-12-11,2701.0,2716.0,2690.5,2705.5,2511.484130859375,31081400
2023-12-12,2727.0,2735.5,2681.5,2681.5,2489.204833984375,25316700
2023-12-13,2672.5,2682.0,2644.5,2673.5,2481.778564453125,20383300
2023-12-14,2605.5,2623.5,2552.0,2571.5,2387.093505859375,43459500
2023-12-15,2617.0,2624.0,2592.0,2600.5,2414.013427734375,32057100
2023-12-18,2590.5,2619.5,2571.5,2619.5,2431.651123046875,21229700
2023-12-19,2620.0,2657.5,2590.5,2640.5,2451.145263671875,24989000
2023-12-20,2666.0,2692.0,2634.0,2644.0,2454.394287109375,34125400
2023-12-21,2520.0,2576.5,2495.0,2537.5,2355.531494140625,47672400
2023-12-22,2520.0,2549.5,2499.0,2516.0,2335.5732421875,38330200
2023-12-25,2525.0,2553.0,2514.5,2537.0,2355.067626953125,19273800
2023-12-26,2543.0,2544.5,2520.5,2541.0,2358.780517578125,17223900
2023-12-27,2557.5,2583.5,2547.0,2583.0,2397.768798828125,26896000
2023-12-28,2555.0,2573.0,2539.0,2556.0,2372.704833984375,17822300
2023-12-29,2572.0,2615.5,2569.0,2590.5,2404.730712890625,26860500
2024-01-04,2605.0,2635.0,2572.0,2635.0,2446.039794921875,29812900
2024-01-05,2643.5,2708.0,2643.5,2701.5,2507.77099609375,30515500
2024-01-09,2715.0,2716.0,2662.5,2694.0,2500.808837890625,30486100
2024-01-10,2684.0,2752.0,2679.5,2745.0,2548.1513671875,33701200
2024-01-11,2827.0,2867.5,2827.0,2844.0,2640.0517578125,49003100
2024-01-12,2880.0,2883.0,2820.5,2837.0,2633.5537109375,34169200
2024-01-15,2854.0,2855.0,2830.0,2849.5,2645.157470703125,4866000
2024-01-16,2854.0,2869.5,2830.0,2854.5,2649.799072265625,23810700
2024-01-17,2880.0,2920.0,2846.5,2856.5,2651.655517578125,42925400
2024-01-18,2880.0,2964.0,2873.0,2931.5,2721.277099609375,45748100
2024-01-19,2985.0,2985.0,2937.0,2962.0,2749.589599609375,38896900
2024-01-22,2965.0,2987.5,2956.5,2982.0,2768.156005859375,27665300
2024-01-23,2997.0,3034.0,2971.0,2991.0,2776.51025390625,40894100
2024-01-24,3000.0,3018.0,2952.0,2959.5,2747.269287109375,28933300
2024-01-25,2964.0,2964.0,2964.0,2964.0,2751.4462890625,28781400
2024-01-26,2950.0,2950.0,2888.5,2892.5,2685.073974609375,33005600
2024-01-29,2929.0,2994.0,2928.0,2983.5,2769.548095703125,39361500
2024-01-30,2950.0,2983.5,2931.0,2959.5,2747.269287109375,30914300
2024-01-31,2940.0,3000.0,2939.0,3000.0,2784.864990234375,28387200
2024-02-01,2940.5,2960.0,2931.0,2945.0,2733.80908203125,29852200
2024-02-02,2963.5,2966.0,2938.0,2951.5,2739.84326171875,24939800
2024-02-05,2995.5,3007.0,2959.0,2992.0,2777.438720703125,29891100
2024-02-06,2999.5,3148.0,2951.5,3135.0,2910.18359375,80031600
2024-02-07,3195.0,3364.0,3190.0,3260.0,3026.219970703125,90841000
2024-02-08,3330.0,3409.0,3283.0,3350.0,3109.765625,65539300
2024-02-09,3360.0,3370.0,3296.0,3323.0,3084.7021484375,38909900
2024-02-13,3366.0,3459.0,3350.0,3456.0,3208.1640625,50279000
2024-02-14,3453.0,3464.0,3361.0,3385.0,3142.255615234375,40613000
2024-02-15,3415.0,3416.0,3351.0,3382.0,3139.470947265625,31611400
2024-02-16,3440.0,3453.0,3396.0,3414.0,3169.17626953125,39276000
2024-02-19,3414.0,3449.0,3401.0,3430.0,3184.02880859375,18623200
2024-02-20,3450.0,3473.0,3369.0,3414.0,3169.17626953125,32113800
2024-02-21,3400.0,3436.0,3396.0,3429.0,3183.1005859375,27204700
2024-02-22,3450.0,3530.0,3444.0,3521.0,3268.5029296875,45277100
2024-02-26,3550.0,3607.0,3522.0,3565.0,3309.34765625,36879000
2024-02-27,3600.0,3603.0,3566.0,3582.0,3325.128662109375,26141000
2024-02-28,3588.0,3599.0,3541.0,3570.0,3313.989013671875,21824800
2024-02-29,3560.0,3629.0,3540.0,3621.0,3361.33203125,42143900
2024-03-01,3595.0,3689.0,3586.0,3680.0,3416.10107421875,29522200
2024-03-04,3694.0,3704.0,3636.0,3662.0,3399.391845703125,33112100
2024-03-05,3665.0,3742.0,3641.0,3729.0,3461.587158203125,31082800
2024-03-06,3729.0,3772.0,3690.0,3769.0,3498.71875,31920900
2024-03-07,3799.0,3811.0,3640.0,3660.0,3397.534912109375,44389400
2024-03-08,3644.0,3665.0,3595.0,3610.0,3351.12060546875,39889700
2024-03-11,3500.0,3530.0,3443.0,3498.0,3247.152587890625,34641400
2024-03-12,3441.0,3475.0,3398.0,3475.0,3225.801513671875,40384800
2024-03-13,3506.0,3536.0,3405.0,3444.0,3197.024658203125,32358800
2024-03-14,3450.0,3463.0,3415.0,3445.0,3197.953369140625,21846100
2024-03-15,3433.0,3509.0,3424.0,3488.0,3237.869873046875,33847800
2024-03-18,3515.0,3576.0,3504.0,3567.0,3311.2041015625,26489600
2024-03-19,3574.0,3675.0,3559.0,3675.0,3411.45947265625,33925900
2024-03-21,3800.0,3829.0,3776.0,3799.0,3526.567138671875,45118200
2024-03-22,3829.0,3890.0,3811.0,3872.0,3594.332275390625,38840700
2024-03-25,3850.0,3886.0,3823.0,3830.0,3555.343994140625,28829300
2024-03-26,3829.0,3860.0,3789.0,3850.0,3573.909912109375,30536000
2024-03-27,3875.0,3891.0,3846.0,3853.0,3576.69482421875,35165500
2024-03-28,3839.0,3854.0,3782.0,3806.0,3574.81640625,34646300
2024-03-29,3804.0,3833.0,3792.0,3799.0,3568.241455078125,12094300
2024-04-01,3801.0,3824.0,3616.0,3639.0,3417.960205078125,38828100
2024-04-02,3685.0,3705.0,3616.0,3633.0,3412.32470703125,31273800
2024-04-03,3633.0,3656.0,3597.0,3620.0,3400.1142578125,30222400
2024-04-04,3670.0,3739.0,3652.0,3667.0,3444.259521484375,33637800
2024-04-05,3605.0,3632.0,3568.0,3619.0,3399.17529296875,26966800
2024-04-08,3665.0,3700.0,3642.0,3698.0,3473.37646484375,23272600
2024-04-09,3740.0,3776.0,3716.0,3776.0,3546.638916015625,22518400
2024-04-10,3750.0,3760.0,3722.0,3740.0,3512.8251953125,17062700
2024-04-11,3722.0,3795.0,3721.0,3781.0,3551.3349609375,23458700
2024-04-12,3813.0,3815.0,3755.0,3767.0,3538.18505859375,21094100
2024-04-15,3721.0,3767.0,3685.0,3767.0,3538.18505859375,21091500
2024-04-16,3742.0,3753.0,3630.0,3649.0,3427.352783203125,29226300
2024-04-17,3686.0,3691.0,3570.0,3597.0,3378.511474609375,24105100
2024-04-18,3567.0,3634.0,3559.0,3602.0,3383.207763671875,20201900
2024-04-19,3550.0,3569.0,3453.0,3522.0,3308.067138671875,35457300
2024-04-22,3540.0,3610.0,3501.0,3517.0,3303.370849609375,26643700
2024-04-23,3592.0,3594.0,3492.0,3511.0,3297.735107421875,21861900
2024-04-24,3551.0,3620.0,3526.0,3618.0,3398.23583984375,29269700
2024-04-25,3560.0,3604.0,3497.0,3497.0,3284.585693359375,27833100
2024-04-26,3502.0,3549.0,3468.0,3510.0,3296.796142578125,30255300
2024-04-30,3577.0,3640.0,3556.0,3638.0,3417.021240234375,35459100
2024-05-01,3600.0,3659.0,3576.0,3605.0,3386.025390625,27076000
2024-05-02,3581.0,3622.0,3559.0,3581.0,3363.483642578125,20164900
2024-05-07,3650.0,3650.0,3562.0,3599.0,3380.389892578125,25496600
2024-05-08,3547.0,3674.0,3453.0,3579.0,3361.604736328125,68295000
2024-05-09,3595.0,3595.0,3473.0,3528.0,3313.702392578125,40742400
2024-05-10,3504.0,3540.0,3386.0,3425.0,3216.958984375,50941700
2024-05-13,3417.0,3434.0,3351.0,3366.0,3161.54296875,30544300
2024-05-14,3350.0,3434.0,3349.0,3389.0,3183.145751953125,31178100
2024-05-15,3409.0,3457.0,3405.0,3408.0,3200.99169921875,23592600
2024-05-16,3405.0,3407.0,3319.0,3352.0,3148.39306640625,29023000
2024-05-17,3367.0,3438.0,3353.0,3436.0,3227.291015625,22329600
2024-05-20,3438.0,3478.0,3417.0,3447.0,3237.62255859375,23715900
2024-05-21,3467.0,3479.0,3421.0,3437.0,3228.230224609375,16456200
2024-05-22,3424.0,3429.0,3385.0,3388.0,3182.20654296875,19191500
2024-05-23,3387.0,3416.0,3351.0,3403.0,3196.295166015625,16120400
2024-05-24,3320.0,3407.0,3309.0,3393.0,3186.902587890625,20602300
2024-05-27,3419.0,3450.0,3403.0,3450.0,3240.440673828125,14620900
2024-05-28,3440.0,3452.0,3416.0,3448.0,3238.56201171875,14393400
2024-05-29,3435.0,3452.0,3390.0,3390.0,3184.0849609375,19973000
2024-05-30,3350.0,3358.0,3307.0,3330.0,3127.7294921875,23500000
2024-05-31,3370.0,3401.0,3348.0,3401.0,3194.4169921875,34664500
2024-06-03,3402.0,3428.0,3321.0,3341.0,3138.0615234375,34205700
2024-06-04,3300.0,3339.0,3284.0,3298.0,3097.673095703125,31397200
2024-06-05,3250.0,3259.0,3203.0,3218.0,3022.532470703125,29958300
2024-06-06,3258.0,3302.0,3249.0,3273.0,3074.191650390625,23424700
2024-06-07,3266.0,3271.0,3194.0,3219.0,3023.471923828125,24229500
2024-06-10,3236.0,3289.0,3223.0,3272.0,3073.25244140625,17848400
2024-06-11,3262.0,3306.0,3247.0,3254.0,3056.345947265625,19196400
2024-06-12,3200.0,3218.0,3191.0,3209.0,3014.079345703125,17408700
2024-06-13,3226.0,3227.0,3127.0,3128.0,2937.99951171875,26927900
2024-06-14,3058.0,3132.0,3055.0,3116.0,2926.728515625,40221400
2024-06-17,3056.0,3063.0,3010.0,3036.0,2851.58740234375,28829800
2024-06-18,3068.0,3086.0,3041.0,3052.0,2866.615478515625,19056000
2024-06-19,3076.0,3113.0,3069.0,3107.0,2918.27490234375,17496200
2024-06-20,3091.0,3094.0,3051.0,3084.0,2896.672119140625,15757100
2024-06-21,3102.0,3136.0,3074.0,3074.0,2887.279296875,32553700
2024-06-24,3123.0,3177.0,3114.0,3150.0,2958.6630859375,30864600
2024-06-25,3199.0,3307.0,3168.0,3296.0,3095.794921875,44118500
2024-06-26,3315.0,3317.0,3251.0,3276.0,3077.009521484375,31440900
2024-06-27,3300.0,3301.0,3248.0,3263.0,3064.79931640625,58733800
2024-06-28,3299.0,3314.0,3271.0,3290.0,3090.1591796875,26051600
2024-07-01,3325.0,3326.0,3261.0,3284.0,3084.523681640625,23624800
2024-07-02,3285.0,3338.0,3267.0,3333.0,3130.547119140625,30146300
2024-07-03,3345.0,3348.0,3293.0,3325.0,3123.033203125,23954600
2024-07-04,3351.0,3399.0,3337.0,3391.0,3185.024169921875,23049300
2024-07-05,3384.0,3399.0,3311.0,3319.0,3117.39794921875,24261800
2024-07-08,3319.0,3319.0,3277.0,3285.0,3085.462890625,20618800
2024-07-09,3272.0,3296.0,3232.0,3270.0,3071.374267578125,25590500
2024-07-10,3261.0,3299.0,3256.0,3291.0,3091.098388671875,23264100
2024-07-11,3323.0,3326.0,3283.0,3284.0,3084.523681640625,22399000
2024-07-12,3249.0,3292.0,3240.0,3274.0,3075.131103515625,23807400
2024-07-16,3294.0,3306.0,3268.0,3269.0,3070.434814453125,16490100
2024-07-17,3264.0,3285.0,3247.0,3254.0,3056.345947265625,16439900
2024-07-18,3151.0,3185.0,3141.0,3141.0,2950.209716796875,25086900
2024-07-19,3147.0,3159.0,3110.0,3133.0,2942.69580078125,18962200
2024-07-22,3105.0,3117.0,3085.0,3090.0,2902.3076171875,16865200
2024-07-23,3130.0,3156.0,3084.0,3109.0,2920.1533203125,21568200
2024-07-24,3125.0,3174.0,3092.0,3100.0,2911.7001953125,26675100
2024-07-25,3040.0,3064.0,3006.0,3020.0,2836.559326171875,30179600
2024-07-26,3006.0,3008.0,2908.0,2909.0,2732.302001953125,40132100
2024-07-29,2958.0,2988.0,2932.0,2967.0,2786.77880859375,28260500
2024-07-30,2967.0,3024.0,2944.0,2996.5,2814.48681640625,23232000
2024-07-31,2929.0,2962.0,2870.5,2949.0,2769.871826171875,46261100
2024-08-01,2901.0,2912.0,2698.0,2699.0,2535.0576171875,80069400
2024-08-02,2576.0,2652.0,2538.0,2585.0,2427.982177734375,69193000
2024-08-05,2450.0,2461.0,2183.0,2232.0,2096.424072265625,83087200
2024-08-06,2532.0,2551.5,2405.0,2518.0,2365.0517578125,68201400
2024-08-07,2400.0,2593.0,2371.0,2500.5,2348.614990234375,59251500
2024-08-08,2460.0,2506.0,2435.5,2451.0,2302.121826171875,42502700
2024-08-09,2491.5,2503.0,2412.0,2447.5,2298.834228515625,46964700
2024-08-13,2494.0,2534.5,2484.0,2529.0,2375.383544921875,27855600
2024-08-14,2565.0,2636.5,2560.5,2616.0,2457.098876953125,39296900
2024-08-15,2642.0,2692.5,2630.5,2657.5,2496.078125,32786600
2024-08-16,2745.0,2748.5,2702.5,2744.5,2577.793701171875,39285800
2024-08-19,2730.0,2742.0,2651.5,2660.5,2498.896484375,28364200
2024-08-20,2705.5,2707.5,2663.0,2687.0,2523.786376953125,21607500
2024-08-21,2653.0,2697.0,2644.0,2692.5,2528.95263671875,18491300
2024-08-22,2661.0,2673.0,2637.5,2665.0,2503.122802734375,24796000
2024-08-23,2675.0,2694.0,2652.0,2682.0,2519.090087890625,18906700
2024-08-26,2636.0,2649.0,2576.0,2597.5,2439.72265625,28414600
2024-08-27,2610.5,2652.0,2600.0,2644.0,2483.3984375,19290300
2024-08-28,2699.0,2756.0,2697.0,2746.5,2579.672607421875,44921600
2024-08-29,2736.5,2753.5,2720.5,2720.5,2555.251953125,24292200
2024-08-30,2707.0,2786.5,2704.0,2759.5,2591.883056640625,52860500
2024-09-02,2789.5,2821.5,2755.0,2781.0,2612.07666015625,24733100
2024-09-03,2784.5,2807.0,2770.0,2772.0,2603.62353515625,18096800
2024-09-04,2677.5,2724.5,2671.0,2674.0,2511.576171875,37121600
2024-09-05,2594.0,2652.5,2586.0,2616.0,2457.098876953125,29116800
2024-09-06,2566.5,2602.0,2552.0,2582.5,2425.63427734375,27452800
2024-09-09,2498.0,2507.0,2449.0,2500.0,2348.145263671875,32686400
2024-09-10,2517.0,2537.0,2491.0,2499.5,2347.675537109375,22733800
2024-09-11,2450.0,2478.5,2391.5,2422.0,2274.883056640625,31044800
2024-09-12,2485.0,2516.0,2472.0,2513.0,2360.35546875,29466900
2024-09-13,2482.0,2497.5,2446.0,2455.0,2305.87890625,33002900
2024-09-17,2436.5,2458.5,2367.5,2406.0,2259.85498046875,33434800
2024-09-18,2450.5,2486.5,2441.0,2485.0,2334.05615234375,28165900
2024-09-19,2585.0,2633.0,2560.5,2610.5,2451.933349609375,40450100
2024-09-20,2667.0,2668.0,2612.0,2634.0,2474.005859375,40654400
2024-09-24,2661.5,2666.0,2610.0,2617.0,2458.038330078125,29192300
2024-09-25,2609.5,2665.0,2608.0,2643.5,2482.9287109375,27114900
2024-09-26,2671.5,2726.5,2650.5,2726.5,2560.88720703125,37741900
2024-09-27,2746.5,2777.5,2677.5,2751.5,2622.84814453125,38750100
2024-09-30,2600.5,2624.0,2525.5,2542.5,2423.6201171875,62903500
2024-10-01,2569.0,2603.5,2559.0,2596.0,2474.618896484375,31990900
2024-10-02,2550.0,2595.0,2546.0,2569.5,2449.357666015625,25911700
2024-10-03,2629.0,2649.5,2590.0,2601.5,2479.86181640625,31757300
2024-10-04,2600.0,2605.5,2573.5,2586.0,2465.08642578125,22315200
2024-10-07,2659.0,2662.5,2631.0,2645.5,2521.804443359375,31459300
2024-10-08,2605.5,2618.5,2556.5,2568.0,2447.927978515625,26579100
2024-10-09,2591.0,2594.5,2545.5,2563.5,2443.638671875,21033300
2024-10-10,2596.0,2617.0,2579.0,2581.0,2460.3203125,25652700
2024-10-11,2586.0,2595.5,2560.0,2562.0,2442.20849609375,20472100
2024-10-15,2592.0,2599.0,2555.0,2555.0,2435.535888671875,22768900
2024-10-16,2527.5,2569.0,2512.5,2525.5,2407.415283203125,22755500
2024-10-17,2549.0,2582.5,2545.0,2550.5,2431.246337890625,23200400
2024-10-18,2574.5,2574.5,2537.0,2552.5,2433.15283203125,17752400
2024-10-21,2550.0,2571.5,2533.5,2541.5,2422.6669921875,17422500
2024-10-22,2567.5,2576.5,2527.5,2545.0,2426.003173828125,22643900
2024-10-23,2573.5,2655.5,2572.0,2620.5,2497.973388671875,35439900
2024-10-24,2589.0,2619.5,2556.5,2602.5,2480.814697265625,26146100
2024-10-25,2594.5,2619.0,2576.0,2600.0,2478.431640625,18218000
2024-10-28,2615.0,2720.5,2607.5,2707.0,2580.428955078125,34954200
2024-10-29,2709.0,2720.0,2685.5,2699.5,2573.279541015625,22183300
2024-10-30,2685.0,2740.5,2680.0,2711.5,2584.71826171875,41528400
2024-10-31,2700.0,2717.5,2654.0,2682.5,2557.07421875,27717100
2024-11-01,2629.0,2656.5,2602.0,2615.5,2493.20703125,23741600
2024-11-05,2636.5,2651.0,2616.5,2639.0,2515.6083984375,21319300
2024-11-06,2616.0,2719.0,2554.0,2684.5,2558.980712890625,68795700
2024-11-07,2784.5,2813.0,2734.0,2762.0,2632.857177734375,55124700
2024-11-08,2748.0,2748.0,2659.0,2662.5,2538.009521484375,33139900
2024-11-11,2660.0,2684.0,2653.5,2653.5,2529.43017578125,18773100
2024-11-12,2676.5,2757.0,2666.5,2717.0,2589.961181640625,29839200
2024-11-13,2717.0,2723.5,2648.0,2662.0,2537.532958984375,20181300
2024-11-14,2718.0,2745.0,2666.0,2666.0,2541.345947265625,24174400
2024-11-15,2703.5,2745.0,2699.0,2704.0,2577.569091796875,26581600
2024-11-18,2674.5,2695.5,2663.5,2676.0,2550.878173828125,17020700
2024-11-19,2700.0,2737.0,2694.5,2730.5,2602.830078125,19141700
2024-11-20,2734.0,2743.5,2691.5,2698.5,2572.326171875,15762100
2024-11-21,2706.5,2712.0,2674.5,2674.5,2549.4482421875,16002400
2024-11-22,2696.0,2703.5,2664.5,2664.5,2539.916015625,17121200
2024-11-25,2709.0,2729.5,2691.5,2694.5,2568.513427734375,30731900
2024-11-26,2694.0,2697.0,2616.0,2667.5,2542.775390625,25146500
2024-11-27,2600.0,2607.5,2552.5,2571.0,2450.787841796875,29465300
2024-11-28,2591.0,2611.5,2563.5,2607.0,2485.1044921875,19673700
2024-11-29,2612.0,2618.0,2546.5,2551.5,2432.19970703125,24496900
2024-12-02,2565.0,2620.5,2557.0,2611.0,2488.91748046875,20253600
2024-12-03,2611.0,2665.0,2604.0,2652.0,2528.00048828125,28572300
2024-12-04,2634.5,2657.5,2611.5,2631.0,2507.982421875,19005600
2024-12-05,2649.0,2649.5,2613.0,2632.0,2508.935546875,20694400
2024-12-06,2647.0,2652.0,2617.0,2629.0,2506.07568359375,12808400
2024-12-09,2629.0,2645.5,2625.0,2645.5,2521.804443359375,17182100
2024-12-10,2685.5,2700.0,2667.5,2679.5,2554.214599609375,29297100
2024-12-11,2693.5,2699.5,2667.0,2682.5,2557.07421875,17726800
2024-12-12,2715.0,2724.0,2703.0,2718.5,2591.39111328125,23514500
2024-12-13,2668.5,2697.5,2668.5,2697.5,2571.372802734375,22366300
2024-12-16,2698.0,2715.0,2684.0,2692.0,2566.130126953125,13700000
2024-12-17,2688.0,2709.5,2670.0,2672.5,2547.5419921875,17335100
2024-12-18,2691.0,2738.5,2690.0,2726.5,2599.01708984375,21766700
2024-12-19,2676.5,2726.0,2664.0,2724.0,2596.6337890625,17912000
2024-12-20,2748.5,2807.5,2735.5,2771.5,2641.912841796875,51442500
2024-12-23,2805.0,2839.0,2784.0,2837.0,2704.350341796875,25299700
2024-12-24,2850.0,2858.0,2829.0,2835.0,2702.44384765625,19906300
2024-12-25,2830.0,2964.5,2792.5,2964.5,2825.888671875,55113700
2024-12-26,3000.0,3164.0,2995.0,3142.0,2995.089599609375,63975100
2024-12-27,3204.0,3220.0,3154.0,3188.0,3038.93896484375,49315300
2024-12-30,3182.0,3189.0,3136.0,3146.0,2998.90234375,24224200
2025-01-06,3103.0,3104.0,3000.0,3011.0,2870.214599609375,41298500
2025-01-07,3004.0,3127.0,2994.5,3052.0,2909.29736328125,44700900
2025-01-08,3050.0,3093.0,3042.0,3073.0,2929.31591796875,24570000
2025-01-09,3070.0,3071.0,2997.5,3005.0,2864.495361328125,26998400
2025-01-10,2989.0,3027.0,2928.0,2932.0,2794.908447265625,26369200
2025-01-14,2932.0,2983.0,2898.0,2907.5,2771.5537109375,28127600
2025-01-15,2930.5,2943.5,2891.5,2901.0,2765.35791015625,20709300
2025-01-16,2890.0,2894.0,2821.0,2837.0,2704.350341796875,25970400
2025-01-17,2819.0,2831.5,2786.5,2788.0,2657.6416015625,22690400
2025-01-20,2837.0,2894.5,2830.0,2870.0,2735.807373046875,25039100
2025-01-21,2920.0,2956.5,2853.5,2875.5,2741.05029296875,28584700
2025-01-22,2900.0,2935.0,2892.5,2915.5,2779.179931640625,24169400
2025-01-23,2893.0,2928.0,2857.0,2925.0,2788.23583984375,21725600
2025-01-24,2894.0,2931.5,2863.0,2882.5,2747.722900390625,24980800
2025-01-27,2913.5,2941.5,2910.5,2922.0,2785.375732421875,18257200
2025-01-28,2900.0,2936.0,2889.5,2889.5,2754.395751953125,18314000
2025-01-29,2917.0,2936.5,2898.5,2930.0,2793.001953125,17997800
2025-01-30,2927.0,2963.5,2922.5,2949.0,2811.11328125,18783700
2025-01-31,2936.0,2988.0,2921.0,2973.5,2834.468017578125,20964200
2025-02-03,2825.0,2871.0,2801.0,2824.5,2692.434814453125,40169700
2025-02-04,2907.5,2923.0,2868.0,2873.0,2738.6669921875,25931800
2025-02-05,2893.0,3025.0,2845.0,2963.0,2824.458984375,61048300
2025-02-06,2961.0,3016.0,2895.0,2903.5,2767.740966796875,37833500
2025-02-07,2860.0,2876.5,2817.0,2824.5,2692.434814453125,28713500
2025-02-10,2826.0,2843.0,2814.0,2825.5,2693.38818359375,18868200
2025-02-12,2805.0,2812.0,2760.5,2800.0,2669.080322265625,29015300
2025-02-13,2850.0,2868.0,2825.5,2825.5,2693.38818359375,26458600
2025-02-14,2868.5,2882.0,2803.5,2804.5,2673.369873046875,23997400
2025-02-17,2793.5,2799.5,2738.5,2773.5,2643.8193359375,25063500
2025-02-18,2766.0,2829.0,2757.0,2804.0,2672.893310546875,18272300
2025-02-19,2765.0,2791.5,2744.0,2755.5,2626.660888671875,19526100
2025-02-20,2730.5,2731.0,2686.0,2710.5,2583.76513671875,22794100
2025-02-21,2686.0,2711.0,2678.0,2706.0,2579.4755859375,21153300
2025-02-25,2650.0,2718.0,2650.0,2710.5,2583.76513671875,20544600
2025-02-26,2701.5,2729.5,2668.5,2725.0,2597.5869140625,20266800
2025-02-27,2735.5,2784.0,2732.5,2784.0,2653.82861328125,22615000
2025-02-28,2736.0,2745.5,2689.0,2689.0,2563.2705078125,93767000
2025-03-03,2744.5,2802.0,2723.5,2795.0,2664.314208984375,24143500
2025-03-04,2745.0,2776.5,2725.0,2753.5,2624.754638671875,25099600
2025-03-05,2775.0,2875.0,2765.0,2849.5,2716.265869140625,36898700
2025-03-06,2860.0,2886.0,2817.5,2822.5,2690.5283203125,24713900
2025-03-07,2749.5,2803.0,2749.5,2803.0,2671.940185546875,25194200
2025-03-10,2813.0,2842.0,2793.5,2829.0,2696.724365234375,17383800
2025-03-11,2770.5,2779.5,2713.0,2754.5,2625.707763671875,32542100
2025-03-12,2750.0,2766.0,2730.0,2761.5,2632.380615234375,23961100
2025-03-13,2760.0,2764.0,2719.0,2719.0,2591.867919921875,26657300
2025-03-14,2722.5,2783.5,2722.5,2746.5,2618.08203125,32732200
2025-03-17,2750.0,2792.0,2750.0,2760.5,2631.42724609375,20673100
2025-03-18,2799.0,2857.0,2798.0,2839.0,2706.2568359375,29267300
2025-03-19,2864.0,2927.0,2864.0,2892.0,2756.77880859375,25594700
2025-03-21,2851.0,2890.0,2838.0,2844.5,2711.499755859375,29746000
2025-03-24,2874.0,2889.5,2849.5,2863.0,2729.134765625,17186800
2025-03-25,2916.0,2961.0,2870.5,2882.5,2747.722900390625,24978200
2025-03-26,2898.5,2899.5,2845.5,2887.5,2752.4892578125,25294300
2025-03-27,2780.0,2828.5,2771.0,2828.5,2696.247802734375,43353000
2025-03-28,2725.0,2728.0,2687.0,2700.5,2620.556640625,44617200
2025-03-31,2630.5,2647.0,2583.5,2616.0,2538.55810546875,43466800
2025-04-01,2649.0,2656.5,2616.5,2630.5,2552.62890625,26218100
2025-04-02,2630.5,2661.0,2594.5,2656.0,2577.3740234375,27800600
2025-04-03,2500.5,2582.5,2456.5,2518.5,2443.944580078125,63506800
2025-04-04,2440.0,2453.0,2337.5,2407.5,2336.23046875,61167400
2025-04-07,2250.0,2355.0,2226.5,2266.5,2199.404541015625,72609600
2025-04-08,2357.5,2466.0,2351.0,2428.5,2356.608642578125,52545600
2025-04-09,2378.5,2419.0,2330.0,2365.5,2295.473876953125,45721300
2025-04-10,2615.5,2621.0,2508.5,2543.0,2467.71923828125,45889700
2025-04-11,2400.0,2441.0,2350.5,2420.0,2348.3603515625,46954000
2025-04-14,2444.5,2482.0,2409.0,2410.0,2338.656494140625,26268100
2025-04-15,2526.0,2546.0,2499.0,2499.0,2425.021728515625,29890700
2025-04-16,2497.0,2520.0,2461.0,2499.0,2425.021728515625,24370600
2025-04-17,2498.5,2520.5,2475.0,2498.5,2424.536376953125,23310300
2025-04-18,2506.0,2544.0,2496.5,2544.0,2468.689697265625,16944800
2025-04-21,2530.5,2538.5,2459.0,2470.5,2397.365478515625,22040800
2025-04-22,2458.5,2485.0,2440.0,2459.0,2386.205810546875,19734000
2025-04-23,2561.0,2590.0,2535.0,2582.0,2505.56494140625,34123500
2025-04-24,2627.0,2718.0,2619.0,2657.5,2578.82958984375,41886200
2025-04-25,2699.5,2712.0,2671.5,2690.0,2610.36767578125,29523200
2025-04-28,2724.5,2841.0,2719.0,2786.5,2704.010986328125,54204400
2025-04-30,2795.5,2801.0,2729.0,2729.0,2648.213134765625,41601700
2025-05-01,2727.0,2752.5,2708.5,2751.0,2669.56201171875,19049400
2025-05-02,2798.0,2822.0,2773.0,2780.0,2697.703125,36047900
2025-05-07,2760.5,2761.0,2702.0,2706.0,2625.89404296875,29981600
2025-05-08,2706.0,2740.0,2632.5,2671.5,2592.415283203125,47881900
2025-05-09,2750.0,2756.5,2685.5,2719.5,2638.994384765625,37497400
2025-05-12,2726.0,2758.0,2718.5,2753.5,2671.98779296875,20208500
2025-05-13,2853.5,2879.5,2846.0,2850.0,2765.63134765625,35248400
2025-05-14,2830.0,2832.5,2731.0,2749.5,2668.106201171875,24974000
2025-05-15,2709.0,2718.0,2647.0,2657.0,2578.344482421875,31659600
2025-05-16,2642.0,2652.0,2598.0,2642.5,2564.273681640625,23825700
2025-05-19,2642.5,2695.0,2621.5,2665.0,2586.107666015625,19721400
2025-05-20,2724.5,2727.5,2649.5,2672.5,2593.3857421875,25009100
2025-05-21,2700.0,2700.0,2662.0,2662.5,2583.681640625,20330200
2025-05-22,2633.0,2634.5,2612.0,2620.0,2542.43994140625,19413100
2025-05-23,2647.0,2649.5,2620.5,2623.5,2545.83642578125,15124400
2025-05-26,2624.0,2633.0,2607.5,2621.5,2543.8955078125,14531700
2025-05-27,2609.0,2649.5,2604.0,2640.0,2561.84765625,14424300
2025-05-28,2680.0,2680.5,2631.5,2631.5,2553.599365234375,19119300
2025-05-29,2707.0,2742.0,2697.0,2734.5,2653.55029296875,30752500
2025-05-30,2668.5,2769.0,2662.0,2769.0,2687.02880859375,57613100
2025-06-02,2737.5,2742.5,2686.5,2691.0,2611.338134765625,23342800
2025-06-03,2681.5,2684.0,2655.0,2675.0,2595.811767578125,17203100
2025-06-04,2730.0,2735.0,2700.0,2724.5,2643.84619140625,25102600
2025-06-05,2685.0,2694.5,2640.0,2650.5,2572.037109375,24997400
2025-06-06,2630.5,2664.0,2630.0,2652.0,2573.49267578125,18571200
2025-06-09,2670.0,2672.0,2637.0,2640.0,2561.84765625,13584200
2025-06-10,2653.0,2663.5,2640.0,2657.5,2578.82958984375,19556800
2025-06-11,2670.0,2678.0,2652.0,2656.0,2577.3740234375,16367500
2025-06-12,2645.0,2648.0,2608.0,2616.5,2539.04345703125,22784400
2025-06-13,2586.0,2589.0,2539.0,2555.0,2479.364013671875,36054800
2025-06-16,2580.5,2586.0,2554.0,2554.5,2478.87890625,19281900
2025-06-17,2535.0,2551.0,2530.5,2538.0,2462.867431640625,18263000
2025-06-18,2525.0,2575.0,2520.5,2569.0,2492.949462890625,18221700
2025-06-19,2556.0,2564.5,2522.0,2525.5,2450.737548828125,16444700
2025-06-20,2511.0,2541.5,2502.5,2502.5,2428.418212890625,80814500
2025-06-23,2500.0,2500.5,2464.0,2493.5,2419.6845703125,18469900
2025-06-24,2528.5,2535.5,2475.0,2490.0,2416.288330078125,20203700
2025-06-25,2504.0,2506.0,2445.0,2460.5,2387.661376953125,22587200
2025-06-26,2441.0,2462.0,2434.0,2456.5,2383.77978515625,27545800
2025-06-27,2499.0,2551.5,2486.5,2527.0,2452.19287109375,33017800
2025-06-30,2535.0,2538.0,2490.0,2493.0,2419.199462890625,29284500
2025-07-01,2490.0,2493.0,2447.5,2453.0,2380.383544921875,24298200
2025-07-02,2450.0,2480.5,2443.0,2465.5,2392.513671875,24281200
2025-07-03,2465.5,2540.0,2448.5,2511.5,2437.15185546875,34098600
2025-07-04,2524.0,2529.5,2479.0,2484.5,2410.950927734375,19876900
2025-07-07,2500.0,2502.0,2442.0,2453.5,2380.868896484375,20788700
2025-07-08,2456.0,2486.0,2451.5,2465.0,2392.0283203125,32336400
2025-07-09,2499.0,2533.5,2478.5,2487.5,2413.862060546875,31320400
2025-07-10,2479.0,2482.5,2463.0,2473.5,2400.276611328125,26257000
2025-07-11,2501.5,2524.5,2477.0,2508.0,2433.75537109375,25922800
2025-07-14,2512.0,2543.5,2509.0,2531.5,2456.5595703125,16698800
2025-07-15,2550.0,2563.0,2520.5,2532.0,2457.044921875,21037000
2025-07-16,2547.5,2547.5,2505.0,2509.5,2435.2109375,17977300
2025-07-17,2500.0,2520.5,2495.5,2520.5,2445.88525390625,16570200
2025-07-18,2528.0,2528.5,2501.0,2516.0,2441.5185546875,12975500
2025-07-22,2496.5,2518.5,2471.0,2496.5,2422.595947265625,22144000
2025-07-23,2660.0,2905.0,2636.0,2854.5,2769.997802734375,184109600
2025-07-24,2850.0,2897.5,2823.5,2844.5,2760.2939453125,76238500
2025-07-25,2816.0,2830.0,2768.0,2787.0,2704.49609375,36978000
2025-07-28,2809.0,2818.5,2780.0,2805.0,2721.96337890625,28105100
2025-07-29,2780.0,2783.5,2729.0,2741.5,2660.343017578125,24229100
2025-07-30,2740.0,2756.5,2707.5,2743.5,2662.283935546875,22891900
2025-07-31,2750.0,2756.5,2694.0,2696.5,2616.675048828125,31733900
2025-08-01,2715.0,2745.0,2704.0,2724.5,2643.84619140625,28121900
2025-08-04,2642.0,2685.0,2640.5,2675.0,2595.811767578125,24277700
2025-08-05,2671.5,2701.0,2654.0,2679.0,2599.693359375,19623500
2025-08-06,2705.0,2750.5,2699.0,2721.0,2640.449951171875,24559800
2025-08-07,2723.0,2741.0,2655.5,2680.0,2600.663818359375,55966800
2025-08-08,2699.5,2804.5,2686.5,2773.0,2690.91064453125,52683900
2025-08-12,2802.0,2868.0,2791.0,2855.0,2770.483154296875,41157800
2025-08-13,2899.5,2926.0,2865.0,2875.0,2789.89111328125,35352300
2025-08-14,2850.0,2856.0,2805.0,2805.0,2721.96337890625,21262700
2025-08-15,2855.0,2866.0,2841.0,2854.0,2769.5126953125,20036900
2025-08-18,2864.0,2905.0,2858.0,2903.0,2817.062255859375,22691000
2025-08-19,2942.0,2978.0,2911.5,2925.0,2838.410888671875,28833900
2025-08-20,2940.0,2982.0,2924.0,2937.0,2850.0556640625,22852700
2025-08-21,2936.0,2937.0,2897.0,2904.0,2818.03271484375,15393500
2025-08-22,2926.0,2943.0,2898.5,2943.0,2855.8779296875,17269600
2025-08-25,2993.0,3010.0,2923.0,2940.0,2852.966796875,19219100
2025-08-26,2940.0,2953.5,2891.5,2898.5,2812.6953125,24050800
2025-08-27,2903.0,2911.5,2877.0,2904.5,2818.517822265625,15271700
2025-08-28,2901.0,2925.0,2887.0,2919.0,2832.588623046875,21577200
2025-08-29,2904.5,2911.0,2866.0,2873.0,2787.9501953125,22056600
2025-09-01,2872.0,2886.0,2845.0,2858.5,2773.87939453125,14369100
2025-09-02,2858.0,2882.0,2843.5,2869.0,2784.068603515625,16428500
2025-09-03,2855.0,2877.0,2841.0,2851.5,2767.086669921875,22723600
2025-09-04,2874.0,2915.0,2866.5,2905.0,2819.0029296875,20172300
2025-09-05,3000.0,3006.0,2909.0,2962.5,2874.80078125,39740400
2025-09-08,2978.0,2979.0,2945.5,2970.0,2882.078857421875,20701300
2025-09-09,2980.0,2988.0,2942.0,2949.0,2861.7001953125,20893100
2025-09-10,2929.0,2930.0,2896.5,2913.5,2827.251220703125,21880400
2025-09-11,2880.0,2886.5,2858.0,2886.5,2801.050537109375,23863900
2025-09-12,2897.5,2904.5,2884.5,2889.0,2803.4765625,22253600
2025-09-16,2900.0,2944.0,2895.5,2934.5,2847.6298828125,22117100
2025-09-17,2930.0,2954.5,2919.0,2950.5,2863.156005859375,18883400
2025-09-18,2966.5,2972.0,2928.0,2940.5,2853.451904296875,20542800
2025-09-19,2957.5,2985.0,2917.5,2923.0,2836.469970703125,39502900
2025-09-22,2923.0,2974.5,2920.0,2964.0,2876.25634765625,18457400
2025-09-24,2955.0,2956.0,2921.0,2929.5,2842.777587890625,21777500
2025-09-25,2955.0,2966.0,2935.0,2961.5,2873.83056640625,19580500
2025-09-26,2978.0,2999.5,2958.0,2969.5,2881.593505859375,32053900
2025-09-29,2920.0,2924.0,2863.5,2870.0,2827.89306640625,24786300
2025-09-30,2860.0,2860.0,2821.5,2849.5,2807.69384765625,22116900
2025-10-01,2826.5,2833.0,2791.0,2821.5,2780.104736328125,26571700
2025-10-02,2798.0,2832.0,2787.0,2805.0,2763.8466796875,22099300
2025-10-03,2806.0,2840.0,2794.0,2839.5,2797.840576171875,14005700
2025-10-06,3010.0,3022.0,2963.5,2974.0,2930.3671875,45597700
2025-10-07,3000.0,3035.0,2997.5,3023.0,2978.6484375,31197700
2025-10-08,3050.0,3075.0,3000.0,3009.0,2964.853759765625,31036900
2025-10-09,3000.0,3002.0,2935.0,2947.5,2904.256103515625,28589800
2025-10-10,2926.5,2939.5,2891.0,2898.5,2855.97509765625,25255700
2025-10-14,2848.5,2898.0,2831.5,2871.5,2829.37109375,24550500
2025-10-15,2898.0,2919.5,2888.5,2913.5,2870.7548828125,18470700
2025-10-16,2964.0,2979.5,2937.5,2954.5,2911.1533203125,19598500
2025-10-17,2920.0,2960.5,2920.0,2933.5,2890.46142578125,14316900
2025-10-20,2988.5,3003.0,2971.0,3003.0,2958.94189453125,20574600
2025-10-21,3017.0,3021.0,2988.0,3005.0,2960.91259765625,16336700
2025-10-22,3075.0,3162.0,3074.0,3104.0,3058.4599609375,49951100
2025-10-23,3100.0,3112.0,3057.0,3091.0,3045.650634765625,18085400
2025-10-24,3110.0,3136.0,3090.0,3127.0,3081.12255859375,18839800
2025-10-27,3170.0,3218.0,3165.0,3218.0,3170.78759765625,24626500
2025-10-28,3220.0,3221.0,3167.0,3171.0,3124.47705078125,19805700
2025-10-29,3176.0,3182.0,3124.0,3146.0,3099.84375,20640200
2025-10-30,3148.0,3190.0,3125.0,3185.0,3138.271728515625,23926200
2025-10-31,3190.0,3198.0,3121.0,3138.0,3091.961181640625,25906600
2025-11-04,3150.0,3205.0,3120.0,3155.0,3108.711669921875,26958800
2025-11-05,3150.0,3151.0,2996.0,3040.0,2995.39892578125,56932600
2025-11-06,3110.0,3182.0,3054.0,3139.0,3092.946533203125,32756900
2025-11-07,3090.0,3128.0,3077.0,3118.0,3072.254638671875,17774800
2025-11-10,3133.0,3134.0,3090.0,3131.0,3085.06396484375,19709600
2025-11-11,3148.0,3177.0,3129.0,3147.0,3100.8291015625,17570500
2025-11-12,3176.0,3214.0,3175.0,3190.0,3143.1982421875,20882100
2025-11-13,3200.0,3215.0,3180.0,3198.0,3151.080810546875,16407400
2025-11-14,3155.0,3180.0,3134.0,3180.0,3133.344970703125,17302600
2025-11-17,3150.0,3164.0,3114.0,3119.0,3073.239990234375,15668000
2025-11-18,3106.0,3114.0,3028.0,3029.0,2984.560302734375,21663600
2025-11-19,3074.0,3075.0,3019.0,3037.0,2992.443115234375,15126800
2025-11-20,3095.0,3103.0,3044.0,3044.0,2999.34033203125,17872000
2025-11-21,3035.0,3120.0,3028.0,3097.0,3051.562744140625,31305500
2025-11-25,3150.0,3150.0,3070.0,3077.0,3031.856201171875,17998000
2025-11-26,3129.0,3158.0,3090.0,3141.0,3094.917236328125,20618800
2025-11-27,3155.0,3165.0,3128.0,3138.0,3091.961181640625,11108400
2025-11-28,3140.0,3140.0,3119.0,3133.0,3087.03466796875,13070100
2025-12-01,3132.0,3133.0,3075.0,3082.0,3036.78271484375,13231700
2025-12-02,3085.0,3090.0,3042.0,3045.0,3000.32568359375,17880100
2025-12-03,3030.0,3040.0,2994.0,3005.0,2960.91259765625,16544800
2025-12-04,3028.0,3107.0,3004.0,3103.0,3057.474609375,21589300
2025-12-05,3053.0,3067.0,3016.0,3032.0,2987.516357421875,21707900
2025-12-08,3050.0,3060.0,3021.0,3060.0,3015.10546875,15596600
2025-12-09,3076.0,3083.0,3044.0,3066.0,3021.017578125,15163400
2025-12-10,3089.0,3137.0,3076.0,3116.0,3070.283935546875,20327700
2025-12-11,3148.0,3160.0,3099.0,3110.0,3064.3720703125,14242200
2025-12-12,3191.0,3272.0,3168.0,3260.0,3212.17138671875,42664200
2025-12-15,3243.0,3358.0,3242.0,3350.0,3300.850830078125,31427000
2025-12-16,3380.0,3394.0,3329.0,3330.0,3281.144287109375,28736000
2025-12-17,3346.0,3356.0,3312.0,3349.0,3299.865478515625,20872500
2025-12-18,3350.0,3384.0,3342.0,3363.0,3313.66015625,19193200
2025-12-19,3389.0,3439.0,3388.0,3424.0,3373.76513671875,37972600
2025-12-22,3494.0,3495.0,3437.0,3455.0,3404.310302734375,17099900
2025-12-23,3479.0,3479.0,3410.0,3415.0,3364.897216796875,17000600
2025-12-24,3418.0,3420.0,3353.0,3353.0,3303.806884765625,12845800
2025-12-25,3377.0,3383.0,3358.0,3374.0,3324.498779296875,7132300
2025-12-26,3377.0,3397.0,3369.0,3380.0,3330.41064453125,10705500
2025-12-29,3386.0,3386.0,3352.0,3364.0,3314.6455078125,12099700
2025-12-30,3370.0,3387.0,3353.0,3356.0,3306.762939453125,12175900
2026-01-05,3411.0,3455.0,3397.0,3399.0,3349.132080078125,18505900
2026-01-06,3488.0,3504.0,3423.0,3429.0,3378.69189453125,21996200
2026-01-07,3350.0,3360.0,3326.0,3335.0,3286.071044921875,21592100
2026-01-08,3301.0,3328.0,3286.0,3294.0,3245.67236328125,18107700
2026-01-09,3322.0,3404.0,3321.0,3388.0,3338.29345703125,24104300
2026-01-13,3500.0,3641.0,3499.0,3641.0,3587.58154296875,50179500
2026-01-14,3620.0,3645.0,3562.0,3622.0,3568.8603515625,26474500
2026-01-15,3639.0,3764.0,3635.0,3714.0,3659.510498046875,35684100
2026-01-16,3675.0,3742.0,3660.0,3670.0,3616.156005859375,20254500
2026-01-19,3600.0,3623.0,3565.0,3623.0,3569.845458984375,17580700
2026-01-20,3590.0,3594.0,3528.0,3541.0,3489.048583984375,20386000
2026-01-21,3506.0,3559.0,3491.0,3552.0,3499.88720703125,16952900
2026-01-22,3630.0,3639.0,3570.0,3584.0,3531.417724609375,17423300
2026-01-23,3635.0,3651.0,3587.0,3624.0,3570.830810546875,21187900
2026-01-26,3500.0,3521.0,3460.0,3477.0,3425.987548828125,28379900
2026-01-27,3496.0,3498.0,3436.0,3459.0,3408.251708984375,18214200
2026-01-28,3368.0,3381.0,3341.0,3347.0,3297.894775390625,23115000
2026-01-29,3369.0,3470.0,3346.0,3448.0,3397.4130859375,24456700
2026-01-30,3456.0,3530.0,3452.0,3504.0,3452.591552734375,23842000
2026-02-02,3600.0,3627.0,3516.0,3535.0,3483.13671875,22997000
2026-02-03,3621.0,3622.0,3573.0,3594.0,3541.27099609375,20936000
2026-02-04,3656.0,3743.0,3629.0,3725.0,3670.34912109375,28520900
2026-02-05,3800.0,3813.0,3694.0,3706.0,3651.6279296875,32411800
2026-02-06,3669.0,3793.0,3637.0,3780.0,3724.542236328125,42812900
2026-02-09,3999.0,4000.0,3729.0,3729.0,3674.290283203125,40235900
2026-02-10,3727.0,3759.0,3687.0,3714.0,3659.510498046875,27155000
2026-02-12,3682.0,3707.0,3630.0,3705.0,3650.642578125,27029000
2026-02-13,3760.0,3787.0,3716.0,3774.0,3718.630126953125,32482400
2026-02-16,3759.0,3760.0,3656.0,3666.0,3612.214599609375,18417600
2026-02-17,3682.0,3724.0,3667.0,3713.0,3658.525146484375,13395200
2026-02-18,3758.0,3769.0,3719.0,3730.0,3675.275634765625,15050800
2026-02-19,3730.0,3786.0,3710.0,3774.0,3718.630126953125,15842100
2026-02-20,3710.0,3715.0,3605.0,3635.0,3581.66943359375,24781700
2026-02-24,3676.0,3682.0,3621.0,3656.0,3602.361328125,20855600
2026-02-25,3697.0,3753.0,3680.0,3720.0,3665.42236328125,24220000
2026-02-26,3780.0,3821.0,3755.0,3776.0,3720.600830078125,24605000
2026-02-27,3740.0,3825.0,3716.0,3825.0,3768.8818359375,28621000
2026-03-02,3685.0,3957.0,3652.0,3944.0,3886.135986328125,44611800
2026-03-03,3800.0,3801.0,3673.0,3702.0,3647.6865234375,50592000
2026-03-04,3660.0,3669.0,3497.0,3520.0,3468.356689453125,34266800
2026-03-05,3600.0,3635.0,3481.0,3481.0,3429.928955078125,31699400
2026-03-06,3490.0,3543.0,3470.0,3515.0,3463.43017578125,20575900
2026-03-09,3299.0,3423.0,3295.0,3393.0,3343.219970703125,28223800
2026-03-10,3463.0,3517.0,3432.0,3473.0,3422.04638671875,22222100
2026-03-11,3501.0,3569.0,3500.0,3510.0,3458.50341796875,15207900
2026-03-12,3510.0,3511.0,3417.0,3467.0,3416.13427734375,19335000
2026-03-13,3360.0,3432.0,3360.0,3370.0,3320.557373046875,22705700
2026-03-16,3370.0,3380.0,3328.0,3338.0,3289.02685546875,18079900
2026-03-17,3377.0,3394.0,3357.0,3379.0,3329.42529296875,11542500
2026-03-18,3359.0,3424.0,3359.0,3404.0,3354.05859375,15583800
2026-03-19,3360.0,3374.0,3316.0,3325.0,3276.217529296875,23090100
2026-03-23,3278.0,3280.0,3190.0,3251.0,3203.30322265625,22909400
2026-03-24,3321.0,3336.0,3258.0,3271.0,3223.010009765625,16565700
2026-03-25,3389.0,3420.0,3328.0,3338.0,3289.02685546875,18556700
2026-03-26,3383.0,3388.0,3348.0,3388.0,3338.29345703125,16107200
2026-03-27,3355.0,3434.0,3346.0,3408.0,3358.0,28198100
2026-03-30,3204.0,3237.0,3168.0,3224.0,3224.0,30941700
2026-03-31,3200.0,3252.0,3162.0,3162.0,3162.0,26872400
2026-04-01,3280.0,3311.0,3253.0,3311.0,3311.0,25388600
2026-04-02,3365.0,3384.0,3251.0,3262.0,3262.0,21711400
2026-04-03,3277.0,3316.0,3255.0,3255.0,3255.0,11056900
2026-04-06,3255.0,3297.0,3244.0,3247.0,3247.0,11430400
2026-04-07,3235.0,3264.0,3224.0,3252.0,3252.0,14215500
2026-04-08,3392.0,3418.0,3333.0,3384.0,3384.0,27222600
2026-04-09,3398.0,3399.0,3318.0,3331.0,3331.0,20191400
2026-04-10,3345.0,3363.0,3295.0,3319.0,3319.0,16930900
2026-04-13,3295.0,3337.0,3280.0,3319.0,3319.0,14353200
2026-04-14,3355.0,3355.0,3288.0,3326.0,3326.0,15920200
2026-04-15,3355.0,3386.0,3344.0,3381.0,3381.0,20317000
2026-04-16,3416.0,3468.0,3392.0,3392.0,3392.0,20154600
2026-04-17,3400.0,3400.0,3343.0,3343.0,3343.0,14251500
2026-04-20,3413.0,3413.0,3380.0,3390.0,3390.0,14589600
2026-04-21,3345.0,3356.0,3280.0,3280.0,3280.0,19345300
2026-04-22,3220.0,3235.0,3191.0,3191.0,3191.0,20463800
2026-04-23,3191.0,3205.0,3111.0,3123.0,3123.0,23206300
2026-04-24,3122.0,3133.0,3062.0,3067.0,3067.0,22659400
2026-04-27,3065.0,3101.0,3057.0,3067.0,3067.0,19390900
2026-04-28,3131.0,3135.0,3079.0,3112.0,3112.0,21920800
2026-04-30,3062.0,3071.0,2997.0,3023.0,3023.0,32130400
2026-05-01,3000.0,3022.0,2971.0,3000.0,3000.0,21904100
2026-05-07,3017.0,3047.0,2978.0,2978.0,2978.0,37816000
2026-05-08,3020.0,3088.0,2874.0,2913.0,2913.0,75083900
2026-05-11,2800.0,2888.0,2798.0,2870.0,2870.0,43038000
2026-05-12,2831.0,2886.5,2820.0,2843.0,2843.0,29055900
2026-05-13,2884.5,2945.0,2879.0,2939.5,2939.5,29534100
2026-05-14,2944.0,3010.0,2943.0,3008.0,3008.0,31564100
2026-05-15,3017.0,3086.0,2987.5,3085.0,3085.0,43178700
2026-05-18,2990.0,3013.0,2940.0,2954.5,2954.5,30946400
2026-05-19,2955.0,2979.0,2931.0,2957.0,2957.0,23002200
2026-05-20,3003.0,3027.0,2942.0,2942.0,2942.0,26030500
2026-05-21,2964.5,3027.0,2961.0,2978.0,2978.0,21798100
2026-05-22,3020.0,3022.0,2975.5,2987.0,2987.0,16498800
2026-05-25,3051.0,3108.0,3006.0,3026.0,3026.0,22249700
2026-05-26,3028.0,3030.0,2990.0,3022.0,3022.0,16349400
2026-05-27,3016.0,3039.0,2998.5,3008.0,3008.0,17980500
2026-05-28,3039.0,3072.0,3023.0,3030.0,3030.0,25312200
2026-05-29,3022.0,3082.0,3022.0,3042.0,3042.0,39820000
2026-06-01,3006.0,3009.0,2891.0,2905.5,2905.5,37687200
2026-06-02,2849.5,2863.5,2805.0,2844.0,2844.0,37933000
2026-06-03,2840.0,2920.0,2833.0,2881.0,2881.0,27875500
2026-06-04,2875.0,2879.5,2835.0,2838.5,2838.5,19751600
2026-06-05,2872.0,2885.5,2837.0,2850.0,2850.0,18955400
2026-06-08,2817.0,2862.0,2795.5,2822.5,2822.5,30734900
2026-06-09,2850.0,2873.0,2821.5,2830.0,2830.0,22825800
2026-06-10,2837.0,2840.5,2787.5,2814.0,2814.0,25839700
2026-06-11,2768.0,2782.5,2718.5,2747.5,2747.5,27541100
2026-06-12,2792.0,2798.5,2756.5,2775.5,2775.5,29442600
2026-06-15,2836.5,2934.5,2830.0,2902.5,2902.5,29688600
2026-06-16,2867.0,2894.0,2826.5,2847.5,2847.5,20615100
2026-06-17,2862.5,2863.5,2803.5,2810.0,2810.0,26726100
2026-06-18,2800.0,2807.0,2774.5,2793.5,2793.5,27620900
2026-06-19,2785.0,2793.0,2755.0,2776.5,2776.5,28789700
2026-06-22,2770.0,2802.0,2741.5,2741.5,2741.5,22063700
2026-06-23,2745.0,2748.0,2706.0,2706.0,2706.0,22693000
2026-06-24,2731.0,2731.0,2686.0,2686.0,2686.0,25725300
2026-06-25,2700.0,2713.5,2689.0,2700.5,2700.5,20706600
2026-06-26,2714.0,2768.0,2696.5,2768.0,2768.0,32537200
2026-06-29,2805.0,2805.0,2745.0,2772.0,2772.0,31780500
2026-06-30,2775.0,2782.5,2708.0,2725.0,2725.0,32958300
2026-07-01,2765.0,2771.5,2715.0,2724.5,2724.5,21882700
2026-07-02,2759.0,2839.0,2750.0,2793.0,2793.0,30358500
2026-07-03,2839.0,2856.5,2813.0,2828.0,2828.0,23428700
2026-07-06,2855.0,2923.0,2839.0,2923.0,2923.0,26728000
2026-07-07,2950.0,2980.0,2925.0,2946.0,2946.0,36408300
2026-07-08,2926.0,2942.0,2884.0,2889.0,2889.0,28465700
2026-07-09,2854.0,2865.0,2817.0,2824.0,2824.0,24949800
2026-07-10,2863.5,2864.5,2817.5,2823.0,2823.0,26668000
2026-07-13,2844.0,2847.0,2794.0,2806.0,2806.0,19932600
2026-07-14,2832.0,2853.0,2815.5,2839.0,2839.0,20459300
2026-07-15,2857.0,2875.5,2837.0,2875.5,2875.5,21157100
2026-07-16,2876.0,2935.5,2858.5,2909.0,2909.0,29732200
2026-07-17,2865.5,2913.5,2857.0,2899.5,2899.5,35779500
2026-07-21,2900.0,2972.0,2893.5,2944.5,2944.5,31065300
2026-07-22,2921.5,2951.0,2897.5,2939.0,2939.0,24733500
2026-07-23,2938.0,2950.0,2913.5,2950.0,2950.0,24503500
2026-07-24,2920.0,2923.0,2877.5,2897.0,2897.0,23007200
2026-07-27,2921.0,2973.0,2915.0,2965.5,2965.5,26894200
2026-07-28,2972.5,3015.0,2934.5,3008.0,3008.0,30618100
2026-07-29,3085.0,3233.0,3059.0,3224.0,3224.0,61406300
2026-07-30,3181.0,3192.0,3106.0,3126.0,3126.0,102087800
2026-07-31,3032.0,3119.0,3021.0,3067.0,3067.0,37342500
2026-08-03,2999.0,2999.0,2885.5,2963.5,2963.5,43659400
2026-08-04,2948.0,3028.0,2871.0,2918.5,2918.5,70011500
2026-08-05,2903.0,2924.5,2869.5,2914.5,2914.5,48003400
2026-08-06,2930.0,2993.5,2918.0,2983.5,2983.5,31969900
2026-08-07,2995.0,3022.0,2964.5,2980.0,2980.0,24563900
2026-08-10,2989.5,2989.5,2939.5,2981.0,2981.0,23489400
2026-08-12,3010.0,3027.0,2981.0,2999.5,2999.5,23418400
2026-08-13,3010.0,3020.0,2968.0,2985.0,2985.0,21779600
2026-08-14,2985.0,3027.0,2968.5,3020.0,3020.0,22125700
2026-08-17,3043.0,3052.0,3007.0,3013.0,3013.0,15465900
2026-08-18,3006.0,3027.0,2989.0,3022.0,3022.0,17285000
2026-08-19,3023.0,3024.0,2927.0,2941.0,2941.0,26717600
2026-08-20,3000.0,3078.0,3000.0,3066.0,3066.0,30687200
2026-08-21,3066.0,3132.0,3056.0,3132.0,3132.0,25924500
2026-08-24,3132.0,3141.0,3077.0,3125.0,3125.0,19283900
2026-08-25,3095.0,3120.0,3073.0,3082.0,3082.0,18602900
2026-08-26,3071.0,3104.0,3066.0,3070.0,3070.0,18377900
2026-08-27,3104.0,3120.0,3064.0,3077.0,3077.0,18488000
2026-08-28,3090.0,3145.0,3081.0,3116.0,3116.0,24831800
2026-08-31,3120.0,3188.0,3116.0,3156.0,3156.0,33832100
2026-09-01,3150.0,3269.0,3145.0,3243.0,3243.0,28612900
2026-09-02,3158.0,3190.0,3121.0,3133.0,3133.0,26793300
2026-09-03,3162.0,3182.0,3117.0,3117.0,3117.0,22107500
2026-09-04,3126.0,3142.0,3081.0,3081.0,3081.0,21768900
